Date,Age,Cases,Cases per 100k,"New cases, 14-day avg per 100k"
2020-03-30,0 to 17,37,1.8,
2020-03-30,18 to 40,918,28.4,
2020-03-30,41 to 65,943,29.9,
2020-03-30,over 65,467,39.8,
2020-03-31,0 to 17,27,1.3,
2020-03-31,18 to 40,1101,34.1,
2020-03-31,41 to 65,1172,37.2,
2020-03-31,over 65,553,47.2,
2020-04-01,0 to 17,32,1.5,
2020-04-01,18 to 40,1228,38.0,
2020-04-01,41 to 65,1399,44.4,
2020-04-01,over 65,669,57.1,
2020-04-02,0 to 17,36,1.7,
2020-04-02,18 to 40,1385,42.8,
2020-04-02,41 to 65,1630,51.8,
2020-04-02,over 65,787,67.1,
2020-04-03,0 to 17,40,1.9,
2020-04-03,18 to 40,1538,47.6,
2020-04-03,41 to 65,1859,59.0,
2020-04-03,over 65,907,77.4,
2020-04-04,0 to 17,48,2.3,
2020-04-04,18 to 40,1785,55.2,
2020-04-04,41 to 65,2160,68.6,
2020-04-04,over 65,1050,89.5,
2020-04-05,0 to 17,57,2.7,
2020-04-05,18 to 40,1989,61.5,
2020-04-05,41 to 65,2451,77.8,
2020-04-05,over 65,1156,98.6,
2020-04-06,0 to 17,59,2.8,
2020-04-06,18 to 40,2072,64.1,
2020-04-06,41 to 65,2650,84.1,
2020-04-06,over 65,1278,109.0,
2020-04-07,0 to 17,73,3.5,
2020-04-07,18 to 40,2246,69.5,
2020-04-07,41 to 65,2892,91.8,
2020-04-07,over 65,1364,116.3,
2020-04-08,0 to 17,80,3.8,
2020-04-08,18 to 40,2409,74.5,
2020-04-08,41 to 65,3170,100.7,
2020-04-08,over 65,1499,127.8,
2020-04-09,0 to 17,81,3.9,
2020-04-09,18 to 40,2491,77.1,
2020-04-09,41 to 65,3363,106.8,
2020-04-09,over 65,1608,137.1,
2020-04-10,0 to 17,84,4.0,
2020-04-10,18 to 40,2617,81.0,
2020-04-10,41 to 65,3561,113.1,
2020-04-10,over 65,1730,147.5,
2020-04-11,0 to 17,91,4.3,
2020-04-11,18 to 40,2726,84.3,
2020-04-11,41 to 65,3744,118.9,
2020-04-11,over 65,1848,157.6,
2020-04-12,0 to 17,95,4.5,
2020-04-12,18 to 40,2802,86.7,
2020-04-12,41 to 65,3867,122.8,
2020-04-12,over 65,1944,165.8,
2020-04-13,0 to 17,97,4.6,0.2
2020-04-13,18 to 40,2851,88.2,4.27
2020-04-13,41 to 65,3949,125.4,6.82
2020-04-13,over 65,2032,173.3,9.53
2020-04-14,0 to 17,99,4.7,0.25
2020-04-14,18 to 40,2988,92.4,4.17
2020-04-14,41 to 65,4211,133.7,6.89
2020-04-14,over 65,2191,186.9,9.98
2020-04-15,0 to 17,103,4.9,0.24
2020-04-15,18 to 40,3063,94.8,4.06
2020-04-15,41 to 65,4421,140.4,6.85
2020-04-15,over 65,2318,197.7,10.05
2020-04-16,0 to 17,111,5.3,0.26
2020-04-16,18 to 40,3153,97.5,3.91
2020-04-16,41 to 65,4564,144.9,6.65
2020-04-16,over 65,2430,207.2,10.01
2020-04-17,0 to 17,117,5.6,0.26
2020-04-17,18 to 40,3278,101.4,3.85
2020-04-17,41 to 65,4776,151.6,6.62
2020-04-17,over 65,2587,220.6,10.23
2020-04-18,0 to 17,123,5.9,0.26
2020-04-18,18 to 40,3431,106.1,3.64
2020-04-18,41 to 65,5044,160.2,6.54
2020-04-18,over 65,2759,235.3,10.41
2020-04-19,0 to 17,127,6.1,0.24
2020-04-19,18 to 40,3503,108.4,3.35
2020-04-19,41 to 65,5154,163.6,6.13
2020-04-19,over 65,2869,244.7,10.44
2020-04-20,0 to 17,194,9.3,0.46
2020-04-20,18 to 40,4113,127.2,4.51
2020-04-20,41 to 65,5761,182.9,7.06
2020-04-20,over 65,3045,259.7,10.76
2020-04-21,0 to 17,240,11.4,0.57
2020-04-21,18 to 40,4593,142.1,5.19
2020-04-21,41 to 65,6333,201.1,7.8
2020-04-21,over 65,3229,275.4,11.36
2020-04-22,0 to 17,298,14.2,0.74
2020-04-22,18 to 40,5059,156.5,5.86
2020-04-22,41 to 65,6886,218.6,8.43
2020-04-22,over 65,3410,290.8,11.64
2020-04-23,0 to 17,335,16.0,0.87
2020-04-23,18 to 40,5435,168.1,6.51
2020-04-23,41 to 65,7278,231.1,8.88
2020-04-23,over 65,3658,312.0,12.49
2020-04-24,0 to 17,366,17.5,0.96
2020-04-24,18 to 40,5751,177.9,6.93
2020-04-24,41 to 65,7659,243.2,9.29
2020-04-24,over 65,3878,330.7,13.08
2020-04-25,0 to 17,378,18.0,0.98
2020-04-25,18 to 40,5914,183.0,7.05
2020-04-25,41 to 65,7878,250.1,9.38
2020-04-25,over 65,4036,344.2,13.33
2020-04-26,0 to 17,383,18.3,0.98
2020-04-26,18 to 40,6021,186.3,7.11
2020-04-26,41 to 65,8053,255.7,9.49
2020-04-26,over 65,4157,354.5,13.48
2020-04-27,0 to 17,442,21.1,1.18
2020-04-27,18 to 40,6385,197.5,7.81
2020-04-27,41 to 65,8380,266.1,10.05
2020-04-27,over 65,4255,362.9,13.54
2020-04-28,0 to 17,463,22.1,1.24
2020-04-28,18 to 40,6542,202.4,7.85
2020-04-28,41 to 65,8604,273.2,9.96
2020-04-28,over 65,4377,373.3,13.32
2020-04-29,0 to 17,532,25.4,1.46
2020-04-29,18 to 40,7094,219.5,8.91
2020-04-29,41 to 65,9188,291.7,10.81
2020-04-29,over 65,4637,395.5,14.13
2020-04-30,0 to 17,550,26.2,1.5
2020-04-30,18 to 40,7298,225.8,9.16
2020-04-30,41 to 65,9425,299.3,11.02
2020-04-30,over 65,4830,411.9,14.62
2020-05-01,0 to 17,609,29.0,1.68
2020-05-01,18 to 40,7718,238.8,9.81
2020-05-01,41 to 65,9795,311.0,11.38
2020-05-01,over 65,4959,422.9,14.45
2020-05-02,0 to 17,634,30.2,1.74
2020-05-02,18 to 40,7917,244.9,9.91
2020-05-02,41 to 65,10029,318.4,11.31
2020-05-02,over 65,5124,437.0,14.41
2020-05-03,0 to 17,669,31.9,1.85
2020-05-03,18 to 40,8199,253.7,10.38
2020-05-03,41 to 65,10306,327.2,11.68
2020-05-03,over 65,5254,448.1,14.53
2020-05-04,0 to 17,683,32.6,1.67
2020-05-04,18 to 40,8340,258.0,9.34
2020-05-04,41 to 65,10470,332.4,10.68
2020-05-04,over 65,5450,464.8,14.65
2020-05-05,0 to 17,789,37.6,1.87
2020-05-05,18 to 40,8968,277.5,9.67
2020-05-05,41 to 65,11060,351.2,10.72
2020-05-05,over 65,5694,485.6,15.02
2020-05-06,0 to 17,840,40.1,1.85
2020-05-06,18 to 40,9244,286.0,9.25
2020-05-06,41 to 65,11350,360.4,10.12
2020-05-06,over 65,5856,499.4,14.9
2020-05-07,0 to 17,876,41.8,1.84
2020-05-07,18 to 40,9491,293.6,8.96
2020-05-07,41 to 65,11648,369.8,9.91
2020-05-07,over 65,6028,514.1,14.44
2020-05-08,0 to 17,897,42.8,1.81
2020-05-08,18 to 40,9774,302.4,8.89
2020-05-08,41 to 65,11946,379.3,9.72
2020-05-08,over 65,6189,527.8,14.08
2020-05-09,0 to 17,942,44.9,1.92
2020-05-09,18 to 40,10112,312.8,9.28
2020-05-09,41 to 65,12281,389.9,9.99
2020-05-09,over 65,6332,540.0,13.99
2020-05-10,0 to 17,952,45.4,1.94
2020-05-10,18 to 40,10236,316.7,9.31
2020-05-10,41 to 65,12464,395.7,10.0
2020-05-10,over 65,6456,550.6,14.0
2020-05-11,0 to 17,979,46.7,1.83
2020-05-11,18 to 40,10426,322.6,8.93
2020-05-11,41 to 65,12673,402.4,9.74
2020-05-11,over 65,6583,561.4,14.18
2020-05-12,0 to 17,1037,49.5,1.96
2020-05-12,18 to 40,10828,335.0,9.47
2020-05-12,41 to 65,13005,412.9,9.98
2020-05-12,over 65,6694,570.9,14.11
2020-05-13,0 to 17,1099,52.4,1.93
2020-05-13,18 to 40,11236,347.6,9.15
2020-05-13,41 to 65,13466,427.6,9.7
2020-05-13,over 65,6937,591.6,14.01
2020-05-14,0 to 17,1150,54.8,2.04
2020-05-14,18 to 40,11580,358.3,9.46
2020-05-14,41 to 65,13736,436.1,9.78
2020-05-14,over 65,7043,600.7,13.48
2020-05-15,0 to 17,1193,56.9,1.99
2020-05-15,18 to 40,11879,367.5,9.2
2020-05-15,41 to 65,14044,445.9,9.64
2020-05-15,over 65,7210,614.9,13.71
2020-05-16,0 to 17,1252,59.7,2.11
2020-05-16,18 to 40,12253,379.1,9.58
2020-05-16,41 to 65,14415,457.7,9.95
2020-05-16,over 65,7378,629.2,13.73
2020-05-17,0 to 17,1295,61.8,2.13
2020-05-17,18 to 40,12531,387.7,9.57
2020-05-17,41 to 65,14619,464.2,9.78
2020-05-17,over 65,7452,635.5,13.39
2020-05-18,0 to 17,1325,63.2,2.19
2020-05-18,18 to 40,12723,393.6,9.69
2020-05-18,41 to 65,14775,469.1,9.76
2020-05-18,over 65,7510,640.5,12.55
2020-05-19,0 to 17,1423,67.9,2.16
2020-05-19,18 to 40,13159,407.1,9.26
2020-05-19,41 to 65,15193,482.4,9.37
2020-05-19,over 65,7510,640.5,11.06
2020-05-20,0 to 17,1524,72.7,2.33
2020-05-20,18 to 40,13660,422.6,9.76
2020-05-20,41 to 65,15663,497.3,9.78
2020-05-20,over 65,7798,665.0,11.83
2020-05-21,0 to 17,1601,76.3,2.47
2020-05-21,18 to 40,14063,435.1,10.1
2020-05-21,41 to 65,16040,509.3,9.96
2020-05-21,over 65,7991,681.5,11.96
2020-05-22,0 to 17,1668,79.5,2.63
2020-05-22,18 to 40,14411,445.8,10.25
2020-05-22,41 to 65,16394,520.5,10.09
2020-05-22,over 65,8123,692.8,11.78
2020-05-23,0 to 17,1740,83.0,2.72
2020-05-23,18 to 40,14814,458.3,10.39
2020-05-23,41 to 65,16761,532.2,10.16
2020-05-23,over 65,8247,703.3,11.67
2020-05-24,0 to 17,1795,85.6,2.87
2020-05-24,18 to 40,15155,468.9,10.87
2020-05-24,41 to 65,17106,543.1,10.53
2020-05-24,over 65,8376,714.3,11.7
2020-05-25,0 to 17,1888,90.0,3.1
2020-05-25,18 to 40,15593,482.4,11.42
2020-05-25,41 to 65,17436,553.6,10.8
2020-05-25,over 65,8495,724.5,11.65
2020-05-26,0 to 17,2070,98.7,3.52
2020-05-26,18 to 40,16380,506.8,12.27
2020-05-26,41 to 65,18098,574.6,11.55
2020-05-26,over 65,8650,737.7,11.92
2020-05-27,0 to 17,2153,102.7,3.59
2020-05-27,18 to 40,16727,517.5,12.13
2020-05-27,41 to 65,18380,583.6,11.14
2020-05-27,over 65,8752,746.4,11.06
2020-05-28,0 to 17,2225,106.1,3.66
2020-05-28,18 to 40,17139,530.2,12.28
2020-05-28,41 to 65,18772,596.0,11.42
2020-05-28,over 65,8865,756.0,11.1
2020-05-29,0 to 17,2382,113.6,4.05
2020-05-29,18 to 40,17908,554.0,13.32
2020-05-29,41 to 65,19375,615.2,12.09
2020-05-29,over 65,9023,769.5,11.04
2020-05-30,0 to 17,2590,123.5,4.56
2020-05-30,18 to 40,18811,582.0,14.49
2020-05-30,41 to 65,20052,636.7,12.78
2020-05-30,over 65,9185,783.3,11.01
2020-05-31,0 to 17,2702,128.9,4.79
2020-05-31,18 to 40,19389,599.9,15.16
2020-05-31,41 to 65,20460,649.6,13.25
2020-05-31,over 65,9325,795.3,11.41
2020-06-01,0 to 17,2770,132.1,4.92
2020-06-01,18 to 40,19827,613.4,15.7
2020-06-01,41 to 65,20815,660.9,13.7
2020-06-01,over 65,9422,803.5,11.65
2020-06-02,0 to 17,2865,136.6,4.91
2020-06-02,18 to 40,20322,628.7,15.83
2020-06-02,41 to 65,21203,673.2,13.63
2020-06-02,over 65,9534,813.1,12.33
2020-06-03,0 to 17,2946,140.5,4.84
2020-06-03,18 to 40,20790,643.2,15.76
2020-06-03,41 to 65,21562,684.6,13.38
2020-06-03,over 65,9631,821.4,11.17
2020-06-04,0 to 17,3061,146.0,4.97
2020-06-04,18 to 40,21348,660.5,16.1
2020-06-04,41 to 65,22063,700.5,13.66
2020-06-04,over 65,9842,839.4,11.28
2020-06-05,0 to 17,3139,149.7,5.01
2020-06-05,18 to 40,21925,678.3,16.6
2020-06-05,41 to 65,22572,716.7,14.01
2020-06-05,over 65,9997,852.6,11.42
2020-06-06,0 to 17,3230,154.0,5.08
2020-06-06,18 to 40,22503,696.2,16.99
2020-06-06,41 to 65,23009,730.6,14.17
2020-06-06,over 65,10146,865.3,11.57
2020-06-07,0 to 17,3392,161.8,5.44
2020-06-07,18 to 40,23146,716.1,17.66
2020-06-07,41 to 65,23522,746.8,14.55
2020-06-07,over 65,10274,876.2,11.56
2020-06-08,0 to 17,3473,165.6,5.4
2020-06-08,18 to 40,23512,727.4,17.5
2020-06-08,41 to 65,23798,755.6,14.43
2020-06-08,over 65,10337,881.6,11.22
2020-06-09,0 to 17,3577,170.6,5.13
2020-06-09,18 to 40,23996,742.4,16.83
2020-06-09,41 to 65,24219,769.0,13.88
2020-06-09,over 65,10446,890.9,10.94
2020-06-10,0 to 17,3711,177.0,5.31
2020-06-10,18 to 40,24457,756.7,17.08
2020-06-10,41 to 65,24605,781.2,14.12
2020-06-10,over 65,10562,900.8,11.03
2020-06-11,0 to 17,3937,187.7,5.83
2020-06-11,18 to 40,25248,781.1,17.92
2020-06-11,41 to 65,25223,800.9,14.63
2020-06-11,over 65,10675,910.4,11.03
2020-06-12,0 to 17,4086,194.9,5.8
2020-06-12,18 to 40,25944,802.7,17.76
2020-06-12,41 to 65,25748,817.5,14.45
2020-06-12,over 65,10804,921.4,10.85
2020-06-13,0 to 17,4254,202.9,5.67
2020-06-13,18 to 40,26623,823.7,17.26
2020-06-13,41 to 65,26221,832.5,13.99
2020-06-13,over 65,10960,934.7,10.81
2020-06-14,0 to 17,4340,207.0,5.58
2020-06-14,18 to 40,27048,836.8,16.93
2020-06-14,41 to 65,26554,843.1,13.82
2020-06-14,over 65,11060,943.2,10.57
2020-06-15,0 to 17,4428,211.2,5.65
2020-06-15,18 to 40,27455,849.4,16.86
2020-06-15,41 to 65,26792,850.7,13.56
2020-06-15,over 65,11090,945.8,10.16
2020-06-16,0 to 17,4545,216.7,5.72
2020-06-16,18 to 40,27987,865.9,16.94
2020-06-16,41 to 65,27235,864.7,13.68
2020-06-16,over 65,11243,958.8,10.41
2020-06-17,0 to 17,4829,230.3,6.41
2020-06-17,18 to 40,28887,893.7,17.89
2020-06-17,41 to 65,27897,885.8,14.37
2020-06-17,over 65,11400,972.2,10.78
2020-06-18,0 to 17,4915,234.4,6.32
2020-06-18,18 to 40,29311,906.8,17.6
2020-06-18,41 to 65,28226,896.2,13.98
2020-06-18,over 65,11499,980.7,10.09
2020-06-19,0 to 17,5042,240.4,6.48
2020-06-19,18 to 40,29881,924.5,17.58
2020-06-19,41 to 65,28672,910.4,13.83
2020-06-19,over 65,11611,990.2,9.83
2020-06-20,0 to 17,5244,250.1,6.86
2020-06-20,18 to 40,30795,952.7,18.32
2020-06-20,41 to 65,29348,931.8,14.38
2020-06-20,over 65,11779,1004.6,9.95
2020-06-21,0 to 17,5419,258.4,6.9
2020-06-21,18 to 40,31572,976.8,18.62
2020-06-21,41 to 65,29948,950.9,14.57
2020-06-21,over 65,11912,1015.9,9.98
2020-06-22,0 to 17,5720,272.8,7.65
2020-06-22,18 to 40,32831,1015.7,20.59
2020-06-22,41 to 65,30739,976.0,15.74
2020-06-22,over 65,12071,1029.5,10.56
2020-06-23,0 to 17,5889,280.8,7.88
2020-06-23,18 to 40,33914,1049.2,21.92
2020-06-23,41 to 65,31483,999.6,16.47
2020-06-23,over 65,12311,1049.9,11.36
2020-06-24,0 to 17,5954,283.9,7.64
2020-06-24,18 to 40,34360,1063.0,21.88
2020-06-24,41 to 65,31816,1010.2,16.35
2020-06-24,over 65,12443,1061.2,11.46
2020-06-25,0 to 17,6127,292.2,7.46
2020-06-25,18 to 40,35249,1090.5,22.1
2020-06-25,41 to 65,32412,1029.1,16.3
2020-06-25,over 65,12607,1075.2,11.77
2020-06-26,0 to 17,6304,300.6,7.56
2020-06-26,18 to 40,36081,1116.3,22.4
2020-06-26,41 to 65,32926,1045.4,16.28
2020-06-26,over 65,12730,1085.7,11.73
2020-06-27,0 to 17,6507,310.3,7.67
2020-06-27,18 to 40,37045,1146.1,23.03
2020-06-27,41 to 65,33555,1065.4,16.63
2020-06-27,over 65,12896,1099.8,11.79
2020-06-28,0 to 17,6706,319.8,8.06
2020-06-28,18 to 40,38312,1185.3,24.89
2020-06-28,41 to 65,34416,1092.7,17.83
2020-06-28,over 65,13065,1114.2,12.21
2020-06-29,0 to 17,6964,332.1,8.64
2020-06-29,18 to 40,39834,1232.4,27.36
2020-06-29,41 to 65,35304,1120.9,19.3
2020-06-29,over 65,13242,1129.3,13.11
2020-06-30,0 to 17,7210,343.8,9.08
2020-06-30,18 to 40,41194,1274.5,29.19
2020-06-30,41 to 65,36084,1145.7,20.07
2020-06-30,over 65,13401,1142.9,13.15
2020-07-01,0 to 17,7303,348.3,8.43
2020-07-01,18 to 40,41991,1299.1,28.96
2020-07-01,41 to 65,36652,1163.7,19.86
2020-07-01,over 65,13560,1156.4,13.16
2020-07-02,0 to 17,7494,357.4,8.78
2020-07-02,18 to 40,42983,1329.8,30.21
2020-07-02,41 to 65,37287,1183.9,20.55
2020-07-02,over 65,13728,1170.8,13.58
2020-07-03,0 to 17,7494,357.4,8.35
2020-07-03,18 to 40,42983,1329.8,28.95
2020-07-03,41 to 65,37287,1183.9,19.54
2020-07-03,over 65,13728,1170.8,12.9
2020-07-04,0 to 17,7494,357.4,7.66
2020-07-04,18 to 40,42983,1329.8,26.93
2020-07-04,41 to 65,37287,1183.9,18.01
2020-07-04,over 65,13728,1170.8,11.87
2020-07-05,0 to 17,7494,357.4,7.07
2020-07-05,18 to 40,42983,1329.8,25.22
2020-07-05,41 to 65,37287,1183.9,16.64
2020-07-05,over 65,13728,1170.8,11.06
2020-07-06,0 to 17,8226,392.3,8.54
2020-07-06,18 to 40,47424,1467.2,32.25
2020-07-06,41 to 65,40123,1273.9,21.28
2020-07-06,over 65,14394,1227.6,14.15
2020-07-07,0 to 17,8647,412.4,9.39
2020-07-07,18 to 40,49445,1529.7,34.32
2020-07-07,41 to 65,41294,1311.1,22.25
2020-07-07,over 65,14638,1248.4,14.18
2020-07-08,0 to 17,8795,419.4,9.68
2020-07-08,18 to 40,50569,1564.5,35.82
2020-07-08,41 to 65,42032,1334.6,23.17
2020-07-08,over 65,14846,1266.1,14.64
2020-07-09,0 to 17,8877,423.3,9.37
2020-07-09,18 to 40,51293,1586.9,35.46
2020-07-09,41 to 65,42547,1350.9,22.99
2020-07-09,over 65,14988,1278.2,14.5
2020-07-10,0 to 17,9054,431.8,9.37
2020-07-10,18 to 40,52499,1624.2,36.28
2020-07-10,41 to 65,43307,1375.0,23.54
2020-07-10,over 65,15188,1295.3,14.97
2020-07-11,0 to 17,9282,442.6,9.45
2020-07-11,18 to 40,53913,1668.0,37.28
2020-07-11,41 to 65,44235,1404.5,24.22
2020-07-11,over 65,15398,1313.2,15.24
2020-07-12,0 to 17,9569,456.3,9.75
2020-07-12,18 to 40,55596,1720.0,38.2
2020-07-12,41 to 65,45216,1435.6,24.49
2020-07-12,over 65,15585,1329.1,15.35
2020-07-13,0 to 17,9788,466.8,9.62
2020-07-13,18 to 40,56888,1760.0,37.69
2020-07-13,41 to 65,46050,1462.1,24.37
2020-07-13,over 65,15764,1344.4,15.36
2020-07-14,0 to 17,10189,485.9,10.15
2020-07-14,18 to 40,58788,1818.8,38.88
2020-07-14,41 to 65,47359,1503.7,25.57
2020-07-14,over 65,16054,1369.1,16.16
2020-07-15,0 to 17,10399,495.9,10.55
2020-07-15,18 to 40,59962,1855.1,39.71
2020-07-15,41 to 65,48164,1529.3,26.11
2020-07-15,over 65,16266,1387.2,16.48
2020-07-16,0 to 17,10910,520.3,11.64
2020-07-16,18 to 40,62129,1922.1,42.31
2020-07-16,41 to 65,49476,1570.9,27.64
2020-07-16,over 65,16529,1409.7,17.06
2020-07-17,0 to 17,11170,532.7,12.52
2020-07-17,18 to 40,63416,1962.0,45.15
2020-07-17,41 to 65,50346,1598.5,29.62
2020-07-17,over 65,16698,1424.1,18.09
2020-07-18,0 to 17,11437,545.4,13.43
2020-07-18,18 to 40,64716,2002.2,48.03
2020-07-18,41 to 65,51157,1624.3,31.46
2020-07-18,over 65,16938,1444.5,19.55
2020-07-19,0 to 17,11745,560.1,14.48
2020-07-19,18 to 40,66074,2044.2,51.03
2020-07-19,41 to 65,51998,1651.0,33.36
2020-07-19,over 65,17121,1460.1,20.67
2020-07-20,0 to 17,12113,577.6,13.24
2020-07-20,18 to 40,67616,2091.9,44.62
2020-07-20,41 to 65,53013,1683.2,29.23
2020-07-20,over 65,17310,1476.3,17.76
2020-07-21,0 to 17,12389,590.8,12.75
2020-07-21,18 to 40,68766,2127.5,42.7
2020-07-21,41 to 65,53861,1710.1,28.5
2020-07-21,over 65,17538,1495.7,17.67
2020-07-22,0 to 17,12729,607.0,13.4
2020-07-22,18 to 40,70046,2167.1,43.04
2020-07-22,41 to 65,54825,1740.7,29.01
2020-07-22,over 65,17772,1515.7,17.82
2020-07-23,0 to 17,12910,615.6,13.74
2020-07-23,18 to 40,70870,2192.6,43.26
2020-07-23,41 to 65,55397,1758.9,29.14
2020-07-23,over 65,17899,1526.5,17.73
2020-07-24,0 to 4,2174,413.4,
2020-07-24,5 to 11,4780,561.2,
2020-07-24,12 to 17,6138,853.2,
2020-07-24,18 to 29,39134,2297.4,
2020-07-24,30 to 49,55687,2043.2,
2020-07-24,50 to 64,31505,1696.7,
2020-07-24,65 to 79,12906,1385.7,
2020-07-24,over 80,6468,1917.7,
2020-07-25,0 to 4,2256,429.0,
2020-07-25,5 to 11,4957,582.0,
2020-07-25,12 to 17,6323,879.0,
2020-07-25,18 to 29,40086,2353.3,
2020-07-25,30 to 49,56867,2086.5,
2020-07-25,50 to 64,32059,1726.6,
2020-07-25,65 to 79,13073,1403.6,
2020-07-25,over 80,6536,1937.8,
2020-07-26,0 to 4,2276,432.8,
2020-07-26,5 to 11,5010,588.2,
2020-07-26,12 to 17,6403,890.1,
2020-07-26,18 to 29,40436,2373.8,
2020-07-26,30 to 49,57413,2106.6,
2020-07-26,50 to 64,32387,1744.2,
2020-07-26,65 to 79,13186,1415.7,
2020-07-26,over 80,6579,1950.6,
2020-07-27,0 to 4,2314,440.0,
2020-07-27,5 to 11,5118,600.9,
2020-07-27,12 to 17,6535,908.4,
2020-07-27,18 to 29,41024,2408.3,
2020-07-27,30 to 49,58057,2130.2,
2020-07-27,50 to 64,32717,1762.0,
2020-07-27,65 to 79,13304,1428.4,
2020-07-27,over 80,6617,1961.8,
2020-07-28,0 to 4,2342,445.3,
2020-07-28,5 to 11,5207,611.3,
2020-07-28,12 to 17,6658,925.5,
2020-07-28,18 to 29,41698,2447.9,
2020-07-28,30 to 49,58924,2162.0,
2020-07-28,50 to 64,33187,1787.3,
2020-07-28,65 to 79,13468,1446.0,
2020-07-28,over 80,6684,1981.7,
2020-07-29,0 to 4,2449,465.7,
2020-07-29,5 to 11,5433,637.9,
2020-07-29,12 to 17,6921,962.1,
2020-07-29,18 to 29,42935,2520.5,
2020-07-29,30 to 49,60443,2217.7,
2020-07-29,50 to 64,33908,1826.2,
2020-07-29,65 to 79,13717,1472.7,
2020-07-29,over 80,6753,2002.2,
2020-07-30,0 to 4,2498,475.0,
2020-07-30,5 to 11,5552,651.9,
2020-07-30,12 to 17,7057,981.0,
2020-07-30,18 to 29,43600,2559.6,
2020-07-30,30 to 49,61247,2247.2,
2020-07-30,50 to 64,34347,1849.8,
2020-07-30,65 to 79,13851,1487.1,
2020-07-30,over 80,6805,2017.6,
2020-07-31,0 to 4,2545,483.9,
2020-07-31,5 to 11,5662,664.8,
2020-07-31,12 to 17,7207,1001.8,
2020-07-31,18 to 29,44201,2594.8,
2020-07-31,30 to 49,62091,2278.2,
2020-07-31,50 to 64,34799,1874.2,
2020-07-31,65 to 79,14008,1504.0,
2020-07-31,over 80,6860,2033.9,
2020-08-01,0 to 4,2604,495.2,
2020-08-01,5 to 11,5793,680.1,
2020-08-01,12 to 17,7336,1019.8,
2020-08-01,18 to 29,44758,2627.5,
2020-08-01,30 to 49,62780,2303.5,
2020-08-01,50 to 64,35204,1896.0,
2020-08-01,65 to 79,14153,1519.6,
2020-08-01,over 80,6901,2046.0,
2020-08-02,0 to 4,2622,498.6,
2020-08-02,5 to 11,5850,686.8,
2020-08-02,12 to 17,7407,1029.6,
2020-08-02,18 to 29,45080,2646.4,
2020-08-02,30 to 49,63204,2319.0,
2020-08-02,50 to 64,35460,1909.7,
2020-08-02,65 to 79,14248,1529.8,
2020-08-02,over 80,6949,2060.3,
2020-08-03,0 to 4,2669,507.5,
2020-08-03,5 to 11,5939,697.3,
2020-08-03,12 to 17,7543,1048.5,
2020-08-03,18 to 29,45478,2669.8,
2020-08-03,30 to 49,63741,2338.7,
2020-08-03,50 to 64,35725,1924.0,
2020-08-03,65 to 79,14338,1539.4,
2020-08-03,over 80,6989,2072.1,
2020-08-04,0 to 4,2708,514.9,
2020-08-04,5 to 11,6009,705.5,
2020-08-04,12 to 17,7645,1062.7,
2020-08-04,18 to 29,45890,2694.0,
2020-08-04,30 to 49,64331,2360.4,
2020-08-04,50 to 64,36059,1942.0,
2020-08-04,65 to 79,14457,1552.2,
2020-08-04,over 80,7046,2089.0,
2020-08-05,0 to 4,2758,524.4,
2020-08-05,5 to 11,6111,717.5,
2020-08-05,12 to 17,7777,1081.1,
2020-08-05,18 to 29,46445,2726.6,
2020-08-05,30 to 49,65062,2387.2,
2020-08-05,50 to 64,36491,1965.3,
2020-08-05,65 to 79,14644,1572.3,
2020-08-05,over 80,7128,2113.3,
2020-08-06,0 to 4,2809,534.1,
2020-08-06,5 to 11,6250,733.8,
2020-08-06,12 to 17,7949,1105.0,
2020-08-06,18 to 29,47161,2768.6,
2020-08-06,30 to 49,66080,2424.6,
2020-08-06,50 to 64,37043,1995.0,
2020-08-06,65 to 79,14839,1593.2,
2020-08-06,over 80,7192,2132.3,
2020-08-07,0 to 4,2886,548.8,9.67
2020-08-07,5 to 11,6406,752.1,13.64
2020-08-07,12 to 17,8132,1130.4,19.8
2020-08-07,18 to 29,47857,2809.5,36.58
2020-08-07,30 to 49,67110,2462.3,29.94
2020-08-07,50 to 64,37593,2024.6,23.42
2020-08-07,65 to 79,15017,1612.3,16.19
2020-08-07,over 80,7259,2152.2,16.75
2020-08-08,0 to 4,2946,560.2,9.37
2020-08-08,5 to 11,6536,767.4,13.24
2020-08-08,12 to 17,8270,1149.6,19.33
2020-08-08,18 to 29,48462,2845.0,35.12
2020-08-08,30 to 49,67920,2492.1,28.97
2020-08-08,50 to 64,38066,2050.1,23.11
2020-08-08,65 to 79,15190,1630.9,16.24
2020-08-08,over 80,7351,2179.5,17.26
2020-08-09,0 to 4,2986,567.8,9.64
2020-08-09,5 to 11,6639,779.5,13.66
2020-08-09,12 to 17,8378,1164.6,19.61
2020-08-09,18 to 29,48902,2870.8,35.5
2020-08-09,30 to 49,68459,2511.8,28.95
2020-08-09,50 to 64,38411,2068.7,23.17
2020-08-09,65 to 79,15302,1642.9,16.23
2020-08-09,over 80,7388,2190.4,17.13
2020-08-10,0 to 4,3037,577.5,9.82
2020-08-10,5 to 11,6741,791.5,13.61
2020-08-10,12 to 17,8507,1182.6,19.58
2020-08-10,18 to 29,49332,2896.1,34.84
2020-08-10,30 to 49,69064,2534.0,28.85
2020-08-10,50 to 64,38772,2088.1,23.29
2020-08-10,65 to 79,15419,1655.5,16.22
2020-08-10,over 80,7438,2205.3,17.39
2020-08-11,0 to 4,3070,583.8,9.89
2020-08-11,5 to 11,6791,797.3,13.28
2020-08-11,12 to 17,8580,1192.7,19.08
2020-08-11,18 to 29,49623,2913.1,33.23
2020-08-11,30 to 49,69471,2549.0,27.64
2020-08-11,50 to 64,39029,2102.0,22.47
2020-08-11,65 to 79,15520,1666.3,15.74
2020-08-11,over 80,7477,2216.8,16.79
2020-08-12,0 to 4,3116,592.5,9.06
2020-08-12,5 to 11,6890,808.9,12.22
2020-08-12,12 to 17,8730,1213.6,17.96
2020-08-12,18 to 29,50126,2942.7,30.15
2020-08-12,30 to 49,70153,2574.0,25.45
2020-08-12,50 to 64,39412,2122.6,21.17
2020-08-12,65 to 79,15652,1680.5,14.84
2020-08-12,over 80,7528,2231.9,16.41
2020-08-13,0 to 4,3165,601.8,9.06
2020-08-13,5 to 11,6979,819.4,11.97
2020-08-13,12 to 17,8827,1227.0,17.57
2020-08-13,18 to 29,50521,2965.9,29.02
2020-08-13,30 to 49,70789,2597.3,25.01
2020-08-13,50 to 64,39795,2143.2,20.96
2020-08-13,65 to 79,15800,1696.4,14.95
2020-08-13,over 80,7583,2248.2,16.48
2020-08-14,0 to 4,3226,613.4,9.25
2020-08-14,5 to 11,7109,834.7,12.14
2020-08-14,12 to 17,8948,1243.9,17.29
2020-08-14,18 to 29,51125,3001.3,29.03
2020-08-14,30 to 49,71524,2624.3,24.72
2020-08-14,50 to 64,40248,2167.6,20.96
2020-08-14,65 to 79,16003,1718.2,15.3
2020-08-14,over 80,7649,2267.8,16.71
2020-08-15,0 to 4,3271,622.0,9.06
2020-08-15,5 to 11,7215,847.1,11.93
2020-08-15,12 to 17,9063,1259.8,17.15
2020-08-15,18 to 29,51590,3028.6,28.65
2020-08-15,30 to 49,72172,2648.1,24.61
2020-08-15,50 to 64,40595,2186.3,20.74
2020-08-15,65 to 79,16139,1732.8,15.23
2020-08-15,over 80,7698,2282.3,16.88
2020-08-16,0 to 4,3287,625.0,9.03
2020-08-16,5 to 11,7279,854.6,11.98
2020-08-16,12 to 17,9133,1269.6,17.14
2020-08-16,18 to 29,51841,3043.3,28.35
2020-08-16,30 to 49,72514,2660.6,24.4
2020-08-16,50 to 64,40798,2197.2,20.53
2020-08-16,65 to 79,16232,1742.8,15.22
2020-08-16,over 80,7734,2293.0,16.62
2020-08-17,0 to 4,3223,612.9,7.52
2020-08-17,5 to 11,7344,862.2,11.78
2020-08-17,12 to 17,9204,1279.4,16.49
2020-08-17,18 to 29,52122,3059.8,27.86
2020-08-17,30 to 49,72900,2674.8,24.0
2020-08-17,50 to 64,41013,2208.8,20.34
2020-08-17,65 to 79,16294,1749.4,15.0
2020-08-17,over 80,7763,2301.6,16.39
2020-08-18,0 to 4,3346,636.3,8.67
2020-08-18,5 to 11,7382,866.7,11.51
2020-08-18,12 to 17,9248,1285.6,15.92
2020-08-18,18 to 29,52332,3072.2,27.01
2020-08-18,30 to 49,73153,2684.1,23.12
2020-08-18,50 to 64,41157,2216.6,19.61
2020-08-18,65 to 79,16353,1755.8,14.54
2020-08-18,over 80,7789,2309.3,15.73
2020-08-19,0 to 4,3388,644.2,8.56
2020-08-19,5 to 11,7438,873.3,11.13
2020-08-19,12 to 17,9311,1294.3,15.23
2020-08-19,18 to 29,52811,3100.3,26.69
2020-08-19,30 to 49,73739,2705.6,22.74
2020-08-19,50 to 64,41484,2234.2,19.21
2020-08-19,65 to 79,16457,1766.9,13.9
2020-08-19,over 80,7841,2324.7,15.1
2020-08-20,0 to 4,3416,649.6,8.24
2020-08-20,5 to 11,7505,881.2,10.52
2020-08-20,12 to 17,9384,1304.5,14.25
2020-08-20,18 to 29,53158,3120.7,25.15
2020-08-20,30 to 49,74221,2723.3,21.34
2020-08-20,50 to 64,41766,2249.4,18.17
2020-08-20,65 to 79,16457,1766.9,12.41
2020-08-20,over 80,7841,2324.7,13.74
2020-08-21,0 to 4,3454,656.8,7.71
2020-08-21,5 to 11,7590,891.1,9.93
2020-08-21,12 to 17,9472,1316.7,13.31
2020-08-21,18 to 29,53592,3146.1,24.05
2020-08-21,30 to 49,74783,2743.9,20.11
2020-08-21,50 to 64,42032,2263.7,17.08
2020-08-21,65 to 79,16667,1789.5,12.65
2020-08-21,over 80,7841,2324.7,12.33
2020-08-22,0 to 4,3483,662.3,7.29
2020-08-22,5 to 11,7650,898.2,9.34
2020-08-22,12 to 17,9537,1325.7,12.58
2020-08-22,18 to 29,54011,3170.7,23.27
2020-08-22,30 to 49,75285,2762.3,19.3
2020-08-22,50 to 64,42317,2279.0,16.35
2020-08-22,65 to 79,16776,1801.2,12.16
2020-08-22,over 80,7972,2363.6,13.15
2020-08-23,0 to 4,3496,664.8,6.93
2020-08-23,5 to 11,7701,904.2,8.91
2020-08-23,12 to 17,9601,1334.6,12.14
2020-08-23,18 to 29,54237,3184.0,22.37
2020-08-23,30 to 49,75602,2773.9,18.72
2020-08-23,50 to 64,42479,2287.8,15.65
2020-08-23,65 to 79,16839,1807.9,11.79
2020-08-23,over 80,7999,2371.6,12.94
2020-08-24,0 to 4,3531,671.4,6.71
2020-08-24,5 to 11,7759,911.0,8.54
2020-08-24,12 to 17,9686,1346.4,11.71
2020-08-24,18 to 29,54532,3201.3,21.8
2020-08-24,30 to 49,75978,2787.7,18.12
2020-08-24,50 to 64,42702,2299.8,15.12
2020-08-24,65 to 79,16909,1815.5,11.43
2020-08-24,over 80,8037,2382.8,12.69
2020-08-25,0 to 4,3544,673.9,6.44
2020-08-25,5 to 11,7788,914.4,8.36
2020-08-25,12 to 17,9711,1349.9,11.23
2020-08-25,18 to 29,54740,3213.5,21.46
2020-08-25,30 to 49,76245,2797.5,17.75
2020-08-25,50 to 64,42883,2309.5,14.83
2020-08-25,65 to 79,16991,1824.3,11.28
2020-08-25,over 80,8037,2382.8,11.86
2020-08-26,0 to 4,3573,679.4,6.21
2020-08-26,5 to 11,7856,922.4,8.1
2020-08-26,12 to 17,9778,1359.2,10.41
2020-08-26,18 to 29,55173,3238.9,21.16
2020-08-26,30 to 49,76749,2816.0,17.29
2020-08-26,50 to 64,43128,2322.7,14.3
2020-08-26,65 to 79,17093,1835.2,11.05
2020-08-26,over 80,8121,2407.7,12.56
2020-08-27,0 to 4,3604,685.3,5.96
2020-08-27,5 to 11,7913,929.1,7.83
2020-08-27,12 to 17,9848,1369.0,10.14
2020-08-27,18 to 29,55588,3263.3,21.25
2020-08-27,30 to 49,77241,2834.1,16.91
2020-08-27,50 to 64,43448,2340.0,14.05
2020-08-27,65 to 79,17205,1847.2,10.77
2020-08-27,over 80,8163,2420.2,12.28
2020-08-28,0 to 4,3642,692.5,5.65
2020-08-28,5 to 11,7966,935.3,7.19
2020-08-28,12 to 17,9931,1380.5,9.76
2020-08-28,18 to 29,55939,3283.9,20.19
2020-08-28,30 to 49,77657,2849.3,16.07
2020-08-28,50 to 64,43715,2354.3,13.34
2020-08-28,65 to 79,17306,1858.1,9.99
2020-08-28,over 80,8227,2439.2,12.24
2020-08-29,0 to 4,3663,696.5,5.32
2020-08-29,5 to 11,8018,941.4,6.73
2020-08-29,12 to 17,9989,1388.6,9.19
2020-08-29,18 to 29,56276,3303.7,19.65
2020-08-29,30 to 49,78056,2864.0,15.42
2020-08-29,50 to 64,43919,2365.3,12.79
2020-08-29,65 to 79,17392,1867.3,9.61
2020-08-29,over 80,8264,2450.1,11.99
2020-08-30,0 to 4,3682,700.1,5.37
2020-08-30,5 to 11,8073,947.8,6.66
2020-08-30,12 to 17,10042,1395.9,9.03
2020-08-30,18 to 29,56503,3317.0,19.55
2020-08-30,30 to 49,78373,2875.6,15.36
2020-08-30,50 to 64,44076,2373.8,12.61
2020-08-30,65 to 79,17461,1874.7,9.43
2020-08-30,over 80,8288,2457.3,11.73
2020-08-31,0 to 4,3716,706.6,6.7
2020-08-31,5 to 11,8130,954.5,6.59
2020-08-31,12 to 17,10107,1405.0,8.97
2020-08-31,18 to 29,56716,3329.5,19.26
2020-08-31,30 to 49,78709,2887.9,15.22
2020-08-31,50 to 64,44273,2384.4,12.54
2020-08-31,65 to 79,17537,1882.9,9.53
2020-08-31,over 80,8316,2465.6,11.71
2020-09-01,0 to 4,3726,708.5,5.16
2020-09-01,5 to 11,8168,959.0,6.59
2020-09-01,12 to 17,10137,1409.1,8.83
2020-09-01,18 to 29,56890,3339.7,19.11
2020-09-01,30 to 49,78943,2896.5,15.17
2020-09-01,50 to 64,44393,2390.8,12.45
2020-09-01,65 to 79,17609,1890.6,9.63
2020-09-01,over 80,8344,2473.9,11.75
2020-09-02,0 to 4,3758,714.6,5.03
2020-09-02,5 to 11,8219,965.0,6.55
2020-09-02,12 to 17,10192,1416.8,8.75
2020-09-02,18 to 29,57192,3357.5,18.37
2020-09-02,30 to 49,79337,2911.0,14.67
2020-09-02,50 to 64,44646,2404.5,12.16
2020-09-02,65 to 79,17714,1901.9,9.64
2020-09-02,over 80,8398,2489.9,11.8
2020-09-03,0 to 4,3781,719.0,4.96
2020-09-03,5 to 11,8255,969.2,6.29
2020-09-03,12 to 17,10231,1422.2,8.41
2020-09-03,18 to 29,57462,3373.3,18.05
2020-09-03,30 to 49,79693,2924.0,14.34
2020-09-03,50 to 64,44831,2414.4,11.79
2020-09-03,65 to 79,17784,1909.4,10.18
2020-09-03,over 80,8411,2493.7,12.07
2020-09-04,0 to 4,3805,723.5,4.77
2020-09-04,5 to 11,8315,976.3,6.08
2020-09-04,12 to 17,10298,1431.5,8.2
2020-09-04,18 to 29,57753,3390.4,17.45
2020-09-04,30 to 49,80171,2941.6,14.12
2020-09-04,50 to 64,45068,2427.2,11.68
2020-09-04,65 to 79,17898,1921.6,9.44
2020-09-04,over 80,8448,2504.7,12.85
2020-09-05,0 to 4,3827,727.7,4.67
2020-09-05,5 to 11,8352,980.6,5.89
2020-09-05,12 to 17,10360,1440.1,8.17
2020-09-05,18 to 29,58072,3409.1,17.03
2020-09-05,30 to 49,80509,2954.0,13.69
2020-09-05,50 to 64,45265,2437.8,11.34
2020-09-05,65 to 79,17973,1929.7,9.18
2020-09-05,over 80,8491,2517.4,10.99
2020-09-06,0 to 4,3843,730.8,4.71
2020-09-06,5 to 11,8375,983.3,5.65
2020-09-06,12 to 17,10405,1446.4,7.98
2020-09-06,18 to 29,58242,3419.1,16.79
2020-09-06,30 to 49,80735,2962.3,13.45
2020-09-06,50 to 64,45413,2445.8,11.29
2020-09-06,65 to 79,18029,1935.7,9.13
2020-09-06,over 80,8512,2523.7,10.86
2020-09-07,0 to 4,3857,733.4,4.43
2020-09-07,5 to 11,8387,984.7,5.27
2020-09-07,12 to 17,10427,1449.4,7.36
2020-09-07,18 to 29,58358,3425.9,16.04
2020-09-07,30 to 49,80898,2968.2,12.89
2020-09-07,50 to 64,45512,2451.1,10.81
2020-09-07,65 to 79,18069,1940.0,8.9
2020-09-07,over 80,8524,2527.2,10.31
2020-09-08,0 to 4,3866,735.1,4.37
2020-09-08,5 to 11,8407,987.1,5.19
2020-09-08,12 to 17,10443,1451.7,7.27
2020-09-08,18 to 29,58451,3431.4,15.56
2020-09-08,30 to 49,81034,2973.2,12.55
2020-09-08,50 to 64,45602,2456.0,10.46
2020-09-08,65 to 79,18107,1944.1,8.56
2020-09-08,over 80,8539,2531.7,10.63
2020-09-09,0 to 4,3879,737.6,4.16
2020-09-09,5 to 11,8424,989.1,4.76
2020-09-09,12 to 17,10471,1455.6,6.88
2020-09-09,18 to 29,58607,3440.5,14.4
2020-09-09,30 to 49,81198,2979.3,11.66
2020-09-09,50 to 64,45736,2463.2,10.03
2020-09-09,65 to 79,18155,1949.2,8.14
2020-09-09,over 80,8557,2537.0,9.23
2020-09-10,0 to 4,3900,741.6,4.02
2020-09-10,5 to 11,8471,994.6,4.68
2020-09-10,12 to 17,10523,1462.8,6.7
2020-09-10,18 to 29,58933,3459.7,14.03
2020-09-10,30 to 49,81537,2991.7,11.26
2020-09-10,50 to 64,45907,2472.4,9.46
2020-09-10,65 to 79,18239,1958.3,7.93
2020-09-10,over 80,8581,2544.1,8.85
2020-09-11,0 to 4,3927,746.7,3.87
2020-09-11,5 to 11,8510,999.1,4.56
2020-09-11,12 to 17,10562,1468.2,6.27
2020-09-11,18 to 29,59190,3474.8,13.63
2020-09-11,30 to 49,81862,3003.6,11.02
2020-09-11,50 to 64,46099,2482.7,9.17
2020-09-11,65 to 79,18310,1965.9,7.7
2020-09-11,over 80,8612,2553.3,8.15
2020-09-12,0 to 4,3949,750.9,3.88
2020-09-12,5 to 11,8559,1004.9,4.54
2020-09-12,12 to 17,10613,1475.3,6.2
2020-09-12,18 to 29,59503,3493.1,13.53
2020-09-12,30 to 49,82193,3015.8,10.84
2020-09-12,50 to 64,46275,2492.2,9.06
2020-09-12,65 to 79,18390,1974.5,7.65
2020-09-12,over 80,8637,2560.7,7.9
2020-09-13,0 to 4,3969,754.7,3.9
2020-09-13,5 to 11,8605,1010.3,4.46
2020-09-13,12 to 17,10647,1480.0,6.01
2020-09-13,18 to 29,59672,3503.1,13.29
2020-09-13,30 to 49,82469,3025.9,10.73
2020-09-13,50 to 64,46408,2499.4,8.97
2020-09-13,65 to 79,18449,1980.8,7.58
2020-09-13,over 80,8664,2568.7,7.96
2020-09-14,0 to 4,3980,756.8,3.59
2020-09-14,5 to 11,8644,1014.9,4.31
2020-09-14,12 to 17,10702,1487.7,5.91
2020-09-14,18 to 29,59861,3514.2,13.19
2020-09-14,30 to 49,82688,3033.9,10.43
2020-09-14,50 to 64,46523,2505.6,8.66
2020-09-14,65 to 79,18483,1984.5,7.25
2020-09-14,over 80,8670,2570.5,7.5
2020-09-15,0 to 4,3985,757.8,3.52
2020-09-15,5 to 11,8656,1016.3,4.09
2020-09-15,12 to 17,10713,1489.2,5.72
2020-09-15,18 to 29,59950,3519.4,12.83
2020-09-15,30 to 49,82811,3038.4,10.14
2020-09-15,50 to 64,46608,2510.1,8.52
2020-09-15,65 to 79,18511,1987.5,6.92
2020-09-15,over 80,8683,2574.4,7.18
2020-09-16,0 to 4,4003,761.2,3.33
2020-09-16,5 to 11,8684,1019.6,3.9
2020-09-16,12 to 17,10753,1494.8,5.57
2020-09-16,18 to 29,60217,3535.1,12.68
2020-09-16,30 to 49,83158,3051.2,10.01
2020-09-16,50 to 64,46818,2521.5,8.36
2020-09-16,65 to 79,18582,1995.1,6.66
2020-09-16,over 80,8709,2582.1,6.59
2020-09-17,0 to 4,4028,765.9,3.35
2020-09-17,5 to 11,8728,1024.7,3.97
2020-09-17,12 to 17,10817,1503.7,5.82
2020-09-17,18 to 29,60486,3550.9,12.68
2020-09-17,30 to 49,83496,3063.6,9.97
2020-09-17,50 to 64,47036,2533.2,8.48
2020-09-17,65 to 79,18662,2003.7,6.73
2020-09-17,over 80,8739,2591.0,6.95
2020-09-18,0 to 4,4047,769.5,3.29
2020-09-18,5 to 11,8764,1029.0,3.77
2020-09-18,12 to 17,10874,1511.6,5.72
2020-09-18,18 to 29,60806,3569.6,12.8
2020-09-18,30 to 49,83874,3077.4,9.7
2020-09-18,50 to 64,47253,2544.9,8.41
2020-09-18,65 to 79,18759,2014.1,6.6
2020-09-18,over 80,8773,2601.1,6.88
2020-09-19,0 to 4,4082,776.2,3.46
2020-09-19,5 to 11,8818,1035.3,3.91
2020-09-19,12 to 17,10942,1521.0,5.78
2020-09-19,18 to 29,61113,3587.7,12.75
2020-09-19,30 to 49,84294,3092.8,9.92
2020-09-19,50 to 64,47487,2557.5,8.55
2020-09-19,65 to 79,18830,2021.7,6.57
2020-09-19,over 80,8809,2611.7,6.73
2020-09-20,0 to 4,4110,781.5,3.63
2020-09-20,5 to 11,8862,1040.5,4.08
2020-09-20,12 to 17,10998,1528.8,5.89
2020-09-20,18 to 29,61334,3600.6,12.97
2020-09-20,30 to 49,84594,3103.9,10.11
2020-09-20,50 to 64,47640,2565.7,8.57
2020-09-20,65 to 79,18897,2028.9,6.66
2020-09-20,over 80,8836,2619.7,6.86
2020-09-21,0 to 4,4118,783.0,3.54
2020-09-21,5 to 11,8903,1045.3,4.33
2020-09-21,12 to 17,11043,1535.1,6.12
2020-09-21,18 to 29,61483,3609.4,13.1
2020-09-21,30 to 49,84781,3110.7,10.18
2020-09-21,50 to 64,47778,2573.2,8.72
2020-09-21,65 to 79,18948,2034.4,6.74
2020-09-21,over 80,8850,2623.9,6.9
2020-09-22,0 to 4,4126,784.6,3.53
2020-09-22,5 to 11,8924,1047.8,4.34
2020-09-22,12 to 17,11064,1538.0,6.17
2020-09-22,18 to 29,61634,3618.2,13.35
2020-09-22,30 to 49,85027,3119.7,10.46
2020-09-22,50 to 64,47908,2580.2,8.87
2020-09-22,65 to 79,19002,2040.2,6.86
2020-09-22,over 80,8859,2626.6,6.78
2020-09-23,0 to 4,4155,790.1,3.75
2020-09-23,5 to 11,8971,1053.3,4.59
2020-09-23,12 to 17,11120,1545.8,6.44
2020-09-23,18 to 29,61913,3634.6,13.86
2020-09-23,30 to 49,85378,3132.6,10.95
2020-09-23,50 to 64,48145,2592.9,9.27
2020-09-23,65 to 79,19098,2050.5,7.23
2020-09-23,over 80,8893,2636.6,7.12
2020-09-24,0 to 4,4170,792.9,3.67
2020-09-24,5 to 11,9005,1057.3,4.48
2020-09-24,12 to 17,11177,1553.7,6.49
2020-09-24,18 to 29,62179,3650.2,13.61
2020-09-24,30 to 49,85722,3145.2,10.97
2020-09-24,50 to 64,48323,2602.5,9.29
2020-09-24,65 to 79,19181,2059.4,7.22
2020-09-24,over 80,8929,2647.3,7.37
2020-09-25,0 to 4,4197,798.1,3.67
2020-09-25,5 to 11,9063,1064.1,4.64
2020-09-25,12 to 17,11237,1562.0,6.7
2020-09-25,18 to 29,62513,3669.8,13.93
2020-09-25,30 to 49,86148,3160.9,11.23
2020-09-25,50 to 64,48564,2615.5,9.48
2020-09-25,65 to 79,19286,2070.7,7.48
2020-09-25,over 80,8981,2662.7,7.81
2020-09-26,0 to 4,4220,802.4,3.68
2020-09-26,5 to 11,9121,1070.9,4.71
2020-09-26,12 to 17,11304,1571.4,6.86
2020-09-26,18 to 29,62804,3686.9,13.84
2020-09-26,30 to 49,86521,3174.6,11.34
2020-09-26,50 to 64,48798,2628.1,9.71
2020-09-26,65 to 79,19365,2079.2,7.48
2020-09-26,over 80,9018,2673.7,8.07
2020-09-27,0 to 4,4236,805.5,3.63
2020-09-27,5 to 11,9173,1077.0,4.76
2020-09-27,12 to 17,11347,1577.3,6.95
2020-09-27,18 to 29,62992,3698.0,13.92
2020-09-27,30 to 49,86778,3184.0,11.29
2020-09-27,50 to 64,48932,2635.3,9.71
2020-09-27,65 to 79,19421,2085.2,7.45
2020-09-27,over 80,9040,2680.2,7.96
2020-09-28,0 to 4,4246,807.4,3.61
2020-09-28,5 to 11,9205,1080.7,4.7
2020-09-28,12 to 17,11381,1582.1,6.74
2020-09-28,18 to 29,63163,3708.0,13.85
2020-09-28,30 to 49,87001,3192.2,11.3
2020-09-28,50 to 64,49055,2641.9,9.74
2020-09-28,65 to 79,19458,2089.1,7.48
2020-09-28,over 80,9056,2685.0,8.17
2020-09-29,0 to 4,4261,810.2,3.75
2020-09-29,5 to 11,9227,1083.3,4.79
2020-09-29,12 to 17,11428,1588.6,7.1
2020-09-29,18 to 29,63359,3719.5,14.29
2020-09-29,30 to 49,87247,3201.2,11.63
2020-09-29,50 to 64,49203,2649.9,9.98
2020-09-29,65 to 79,19536,2097.5,7.86
2020-09-29,over 80,9056,2685.0,7.9
2020-09-30,0 to 4,4285,814.8,3.83
2020-09-30,5 to 11,9267,1088.0,4.89
2020-09-30,12 to 17,11477,1595.4,7.19
2020-09-30,18 to 29,63588,3733.0,14.14
2020-09-30,30 to 49,87587,3213.7,11.61
2020-09-30,50 to 64,49381,2659.5,9.86
2020-09-30,65 to 79,19600,2104.4,7.81
2020-09-30,over 80,9112,2701.6,8.53
2020-10-01,0 to 4,4298,817.3,3.67
2020-10-01,5 to 11,9304,1092.4,4.83
2020-10-01,12 to 17,11537,1603.7,7.15
2020-10-01,18 to 29,63843,3747.9,14.08
2020-10-01,30 to 49,87923,3226.0,11.6
2020-10-01,50 to 64,49589,2670.7,9.82
2020-10-01,65 to 79,19673,2112.2,7.75
2020-10-01,over 80,9135,2708.4,8.39
2020-10-02,0 to 4,4328,823.0,3.82
2020-10-02,5 to 11,9346,1097.3,4.88
2020-10-02,12 to 17,11596,1612.0,7.17
2020-10-02,18 to 29,64154,3766.2,14.04
2020-10-02,30 to 49,88360,3242.0,11.76
2020-10-02,50 to 64,49795,2681.8,9.78
2020-10-02,65 to 79,19754,2120.9,7.63
2020-10-02,over 80,9172,2719.4,8.45
2020-10-03,0 to 4,4356,828.3,3.72
2020-10-03,5 to 11,9382,1101.5,4.73
2020-10-03,12 to 17,11649,1619.3,7.02
2020-10-03,18 to 29,64373,3779.0,13.67
2020-10-03,30 to 49,88710,3254.9,11.57
2020-10-03,50 to 64,49948,2690.0,9.47
2020-10-03,65 to 79,19835,2129.6,7.71
2020-10-03,over 80,9219,2733.3,8.68
2020-10-04,0 to 4,4375,831.9,3.6
2020-10-04,5 to 11,9424,1106.5,4.71
2020-10-04,12 to 17,11696,1625.9,6.93
2020-10-04,18 to 29,64586,3791.5,13.64
2020-10-04,30 to 49,88988,3265.1,11.52
2020-10-04,50 to 64,50137,2700.2,9.61
2020-10-04,65 to 79,19896,2136.2,7.66
2020-10-04,over 80,9230,2736.5,8.34
2020-10-05,0 to 4,4383,833.4,3.6
2020-10-05,5 to 11,9447,1109.2,4.56
2020-10-05,12 to 17,11728,1630.3,6.8
2020-10-05,18 to 29,64683,3797.2,13.42
2020-10-05,30 to 49,89113,3269.7,11.35
2020-10-05,50 to 64,50196,2703.4,9.3
2020-10-05,65 to 79,19920,2138.7,7.45
2020-10-05,over 80,9234,2737.7,8.13
2020-10-06,0 to 4,4400,836.7,3.72
2020-10-06,5 to 11,9485,1113.6,4.7
2020-10-06,12 to 17,11773,1636.6,7.04
2020-10-06,18 to 29,64876,3808.6,13.59
2020-10-06,30 to 49,89390,3279.8,11.43
2020-10-06,50 to 64,50358,2712.1,9.42
2020-10-06,65 to 79,19995,2146.8,7.62
2020-10-06,over 80,9265,2746.9,8.6
2020-10-07,0 to 4,4400,836.7,3.33
2020-10-07,5 to 11,9566,1123.1,4.99
2020-10-07,12 to 17,11860,1648.6,7.35
2020-10-07,18 to 29,65243,3830.1,13.96
2020-10-07,30 to 49,89901,3298.6,11.85
2020-10-07,50 to 64,50652,2727.9,9.64
2020-10-07,65 to 79,20088,2156.8,7.59
2020-10-07,over 80,9305,2758.8,8.73
2020-10-08,0 to 4,4460,848.1,3.94
2020-10-08,5 to 11,9610,1128.3,5.07
2020-10-08,12 to 17,11914,1656.2,7.32
2020-10-08,18 to 29,65558,3848.6,14.17
2020-10-08,30 to 49,90298,3313.1,11.99
2020-10-08,50 to 64,50876,2740.0,9.82
2020-10-08,65 to 79,20180,2166.7,7.66
2020-10-08,over 80,9334,2767.4,8.58
2020-10-09,0 to 4,4487,853.2,3.94
2020-10-09,5 to 11,9662,1134.4,5.02
2020-10-09,12 to 17,11987,1666.3,7.45
2020-10-09,18 to 29,65860,3866.3,14.03
2020-10-09,30 to 49,90690,3327.5,11.9
2020-10-09,50 to 64,51081,2751.0,9.68
2020-10-09,65 to 79,20261,2175.4,7.48
2020-10-09,over 80,9366,2776.9,8.15
2020-10-10,0 to 4,4510,857.6,3.94
2020-10-10,5 to 11,9738,1143.3,5.17
2020-10-10,12 to 17,12067,1677.4,7.58
2020-10-10,18 to 29,66134,3882.4,13.96
2020-10-10,30 to 49,91095,3342.4,11.99
2020-10-10,50 to 64,51296,2762.6,9.61
2020-10-10,65 to 79,20336,2183.4,7.45
2020-10-10,over 80,9389,2783.7,7.86
2020-10-11,0 to 4,4530,861.4,3.99
2020-10-11,5 to 11,9736,1143.1,4.72
2020-10-11,12 to 17,12120,1684.8,7.68
2020-10-11,18 to 29,66370,3896.3,14.16
2020-10-11,30 to 49,91406,3353.8,12.13
2020-10-11,50 to 64,51461,2771.5,9.73
2020-10-11,65 to 79,20404,2190.7,7.54
2020-10-11,over 80,9409,2789.6,7.81
2020-10-12,0 to 4,4558,866.7,4.24
2020-10-12,5 to 11,9831,1154.2,5.25
2020-10-12,12 to 17,12180,1693.1,7.93
2020-10-12,18 to 29,66575,3908.3,14.31
2020-10-12,30 to 49,91678,3363.8,12.26
2020-10-12,50 to 64,51614,2779.7,9.84
2020-10-12,65 to 79,20459,2196.6,7.68
2020-10-12,over 80,9423,2793.8,7.77
2020-10-13,0 to 4,4567,868.4,4.16
2020-10-13,5 to 11,9870,1158.8,5.39
2020-10-13,12 to 17,12221,1698.8,7.87
2020-10-13,18 to 29,66753,3918.8,14.23
2020-10-13,30 to 49,91901,3372.0,12.2
2020-10-13,50 to 64,51775,2788.4,9.89
2020-10-13,65 to 79,20505,2201.6,7.43
2020-10-13,over 80,9444,2800.0,8.22
2020-10-14,0 to 4,4594,873.6,4.2
2020-10-14,5 to 11,9941,1167.2,5.65
2020-10-14,12 to 17,12292,1708.7,8.09
2020-10-14,18 to 29,67048,3936.1,14.51
2020-10-14,30 to 49,92319,3387.3,12.4
2020-10-14,50 to 64,52003,2800.7,10.09
2020-10-14,65 to 79,20580,2209.6,7.52
2020-10-14,over 80,9470,2807.7,7.58
2020-10-15,0 to 4,4613,877.2,4.28
2020-10-15,5 to 11,9987,1172.6,5.73
2020-10-15,12 to 17,12354,1717.3,8.11
2020-10-15,18 to 29,67340,3953.2,14.66
2020-10-15,30 to 49,92686,3400.8,12.48
2020-10-15,50 to 64,52207,2811.7,10.07
2020-10-15,65 to 79,20677,2220.0,7.7
2020-10-15,over 80,9494,2814.8,7.6
2020-10-16,0 to 4,4643,882.9,4.28
2020-10-16,5 to 11,10044,1179.3,5.85
2020-10-16,12 to 17,12425,1727.2,8.23
2020-10-16,18 to 29,67591,3968.0,14.41
2020-10-16,30 to 49,93030,3413.4,12.24
2020-10-16,50 to 64,52369,2820.4,9.9
2020-10-16,65 to 79,20743,2227.1,7.58
2020-10-16,over 80,9517,2821.6,7.31
2020-10-17,0 to 4,4667,887.4,4.22
2020-10-17,5 to 11,10087,1184.3,5.91
2020-10-17,12 to 17,12486,1735.7,8.31
2020-10-17,18 to 29,67808,3980.7,14.4
2020-10-17,30 to 49,93336,3424.6,12.12
2020-10-17,50 to 64,52535,2829.3,9.95
2020-10-17,65 to 79,20789,2232.0,7.32
2020-10-17,over 80,9532,2826.1,6.63
2020-10-18,0 to 4,4679,889.7,4.13
2020-10-18,5 to 11,10101,1185.9,5.68
2020-10-18,12 to 17,12504,1738.2,8.02
2020-10-18,18 to 29,67870,3984.3,13.77
2020-10-18,30 to 49,93426,3427.9,11.63
2020-10-18,50 to 64,52585,2832.0,9.42
2020-10-18,65 to 79,20798,2233.0,6.92
2020-10-18,over 80,9453,2802.7,4.72
2020-10-19,0 to 4,4691,892.0,4.18
2020-10-19,5 to 11,10142,1190.8,5.83
2020-10-19,12 to 17,12549,1744.4,8.15
2020-10-19,18 to 29,68087,3997.1,14.27
2020-10-19,30 to 49,93728,3439.0,12.09
2020-10-19,50 to 64,52794,2843.3,9.99
2020-10-19,65 to 79,20858,2239.5,7.19
2020-10-19,over 80,9560,2834.4,6.9
2020-10-20,0 to 4,4693,892.4,3.98
2020-10-20,5 to 11,10165,1193.5,5.7
2020-10-20,12 to 17,12576,1748.2,7.97
2020-10-20,18 to 29,68199,4003.6,13.93
2020-10-20,30 to 49,93951,3447.2,11.95
2020-10-20,50 to 64,52915,2849.8,9.84
2020-10-20,65 to 79,20909,2244.9,7.01
2020-10-20,over 80,9574,2838.5,6.54
2020-10-21,0 to 4,4701,893.9,4.09
2020-10-21,5 to 11,10176,1194.8,5.12
2020-10-21,12 to 17,12590,1750.1,7.25
2020-10-21,18 to 29,68277,4008.2,12.72
2020-10-21,30 to 49,94087,3452.2,10.97
2020-10-21,50 to 64,52991,2853.9,9.0
2020-10-21,65 to 79,20950,2249.3,6.61
2020-10-21,over 80,9580,2840.3,5.82
2020-10-22,0 to 4,4779,908.7,4.33
2020-10-22,5 to 11,10345,1214.6,6.16
2020-10-22,12 to 17,12812,1781.0,8.92
2020-10-22,18 to 29,69100,4056.5,14.85
2020-10-22,30 to 49,95258,3495.1,13.0
2020-10-22,50 to 64,53663,2890.1,10.72
2020-10-22,65 to 79,21220,2278.3,7.98
2020-10-22,over 80,9654,2862.3,6.78
2020-10-23,0 to 4,4871,926.2,5.22
2020-10-23,5 to 11,10485,1231.0,6.9
2020-10-23,12 to 17,12967,1802.5,9.73
2020-10-23,18 to 29,69711,4092.4,16.15
2020-10-23,30 to 49,96196,3529.5,14.43
2020-10-23,50 to 64,54140,2915.8,11.77
2020-10-23,65 to 79,21416,2299.4,8.86
2020-10-23,over 80,9704,2877.1,7.16
2020-10-24,0 to 4,4914,934.4,5.49
2020-10-24,5 to 11,10587,1243.0,7.12
2020-10-24,12 to 17,13099,1820.9,10.25
2020-10-24,18 to 29,70205,4121.4,17.07
2020-10-24,30 to 49,96892,3555.1,15.19
2020-10-24,50 to 64,54487,2934.5,12.28
2020-10-24,65 to 79,21539,2312.6,9.23
2020-10-24,over 80,9746,2889.5,7.56
2020-10-25,0 to 4,4929,937.3,5.42
2020-10-25,5 to 11,10633,1248.4,7.52
2020-10-25,12 to 17,13139,1826.4,10.12
2020-10-25,18 to 29,70392,4132.4,16.87
2020-10-25,30 to 49,97148,3564.5,15.05
2020-10-25,50 to 64,54642,2942.8,12.24
2020-10-25,65 to 79,21576,2316.5,8.99
2020-10-25,over 80,9762,2894.3,7.48
2020-10-26,0 to 4,4947,940.7,5.28
2020-10-26,5 to 11,10666,1252.3,7.0
2020-10-26,12 to 17,13184,1832.7,9.97
2020-10-26,18 to 29,70567,4142.7,16.74
2020-10-26,30 to 49,97452,3575.6,15.13
2020-10-26,50 to 64,54820,2952.4,12.33
2020-10-26,65 to 79,21652,2324.7,9.15
2020-10-26,over 80,9781,2899.9,7.58
2020-10-27,0 to 4,4987,948.3,5.7
2020-10-27,5 to 11,10761,1263.4,7.47
2020-10-27,12 to 17,13293,1847.8,10.64
2020-10-27,18 to 29,70902,4162.3,17.4
2020-10-27,30 to 49,97944,3593.7,15.84
2020-10-27,50 to 64,55065,2965.6,12.66
2020-10-27,65 to 79,21735,2333.6,9.43
2020-10-27,over 80,9799,2905.2,7.52
2020-10-28,0 to 4,5024,955.3,5.84
2020-10-28,5 to 11,10824,1270.8,7.41
2020-10-28,12 to 17,13362,1857.4,10.62
2020-10-28,18 to 29,71207,4180.2,17.44
2020-10-28,30 to 49,98380,3609.7,15.88
2020-10-28,50 to 64,55288,2977.6,12.64
2020-10-28,65 to 79,21843,2345.2,9.69
2020-10-28,over 80,9814,2909.7,7.29
2020-10-29,0 to 4,5057,961.6,6.03
2020-10-29,5 to 11,10909,1280.8,7.73
2020-10-29,12 to 17,13449,1869.5,10.87
2020-10-29,18 to 29,71592,4202.8,17.83
2020-10-29,30 to 49,98884,3628.2,16.24
2020-10-29,50 to 64,55569,2992.7,12.93
2020-10-29,65 to 79,21972,2359.1,9.93
2020-10-29,over 80,9846,2919.2,7.45
2020-10-30,0 to 4,5084,966.7,5.99
2020-10-30,5 to 11,10968,1287.7,7.75
2020-10-30,12 to 17,13520,1879.4,10.87
2020-10-30,18 to 29,71896,4220.7,18.05
2020-10-30,30 to 49,99255,3641.8,16.31
2020-10-30,50 to 64,55828,3006.7,13.31
2020-10-30,65 to 79,22050,2367.4,10.02
2020-10-30,over 80,9874,2927.5,7.56
2020-10-31,0 to 4,5113,972.3,6.06
2020-10-31,5 to 11,11028,1294.8,7.89
2020-10-31,12 to 17,13577,1887.3,10.83
2020-10-31,18 to 29,72216,4239.5,18.48
2020-10-31,30 to 49,99673,3657.1,16.61
2020-10-31,50 to 64,56045,3018.4,13.5
2020-10-31,65 to 79,22155,2378.7,10.48
2020-10-31,over 80,9898,2934.6,7.75
2020-11-01,0 to 4,5140,977.4,6.26
2020-11-01,5 to 11,11101,1303.4,8.39
2020-11-01,12 to 17,13669,1900.1,11.57
2020-11-01,18 to 29,72600,4262.0,19.83
2020-11-01,30 to 49,100160,3675.0,17.65
2020-11-01,50 to 64,56310,3032.7,14.33
2020-11-01,65 to 79,22271,2391.2,11.3
2020-11-01,over 80,9924,2942.3,9.97
2020-11-02,0 to 4,5169,982.9,6.49
2020-11-02,5 to 11,11181,1312.7,8.71
2020-11-02,12 to 17,13751,1911.5,11.93
2020-11-02,18 to 29,72928,4281.3,20.3
2020-11-02,30 to 49,100624,3692.0,18.07
2020-11-02,50 to 64,56585,3047.5,14.58
2020-11-02,65 to 79,22378,2402.6,11.66
2020-11-02,over 80,9945,2948.5,8.15
2020-11-03,0 to 4,5194,987.7,6.8
2020-11-03,5 to 11,11230,1318.5,8.93
2020-11-03,12 to 17,13815,1920.4,12.3
2020-11-03,18 to 29,73195,4296.9,20.95
2020-11-03,30 to 49,101054,3707.8,18.62
2020-11-03,50 to 64,56805,3059.3,14.96
2020-11-03,65 to 79,22451,2410.5,11.83
2020-11-03,over 80,9961,2953.3,8.2
2020-11-04,0 to 4,5230,994.5,7.19
2020-11-04,5 to 11,11304,1327.2,9.46
2020-11-04,12 to 17,13911,1933.8,13.12
2020-11-04,18 to 29,73633,4322.6,22.46
2020-11-04,30 to 49,101648,3729.6,19.82
2020-11-04,50 to 64,57104,3075.4,15.82
2020-11-04,65 to 79,22543,2420.4,12.22
2020-11-04,over 80,9997,2964.0,8.83
2020-11-05,0 to 4,5288,1005.5,6.91
2020-11-05,5 to 11,11395,1337.9,8.81
2020-11-05,12 to 17,14027,1949.9,12.06
2020-11-05,18 to 29,74176,4354.5,21.28
2020-11-05,30 to 49,102302,3753.6,18.46
2020-11-05,50 to 64,57414,3092.1,14.43
2020-11-05,65 to 79,22680,2435.1,11.2
2020-11-05,over 80,10036,2975.5,8.09
2020-11-06,0 to 4,5348,1016.9,6.48
2020-11-06,5 to 11,11493,1349.4,8.45
2020-11-06,12 to 17,14148,1966.7,11.73
2020-11-06,18 to 29,74719,4386.4,21.0
2020-11-06,30 to 49,102949,3777.3,17.7
2020-11-06,50 to 64,57786,3112.1,14.03
2020-11-06,65 to 79,22812,2449.2,10.71
2020-11-06,over 80,10084,2989.7,8.05
2020-11-07,0 to 4,5383,1023.6,6.37
2020-11-07,5 to 11,11580,1359.6,8.33
2020-11-07,12 to 17,14281,1985.2,11.74
2020-11-07,18 to 29,75378,4425.1,21.69
2020-11-07,30 to 49,103741,3806.4,17.95
2020-11-07,50 to 64,58179,3133.3,14.2
2020-11-07,65 to 79,22940,2463.0,10.74
2020-11-07,over 80,10118,2999.8,7.88
2020-11-08,0 to 4,5443,1035.0,6.98
2020-11-08,5 to 11,11697,1373.3,8.92
2020-11-08,12 to 17,14420,2004.5,12.72
2020-11-08,18 to 29,75950,4458.7,23.31
2020-11-08,30 to 49,104436,3831.9,19.1
2020-11-08,50 to 64,58536,3152.5,14.98
2020-11-08,65 to 79,23077,2477.7,11.51
2020-11-08,over 80,10164,3013.5,8.51
2020-11-09,0 to 4,5472,1040.5,7.13
2020-11-09,5 to 11,11775,1382.5,9.3
2020-11-09,12 to 17,14514,2017.6,13.21
2020-11-09,18 to 29,76343,4481.7,24.22
2020-11-09,30 to 49,104894,3848.7,19.5
2020-11-09,50 to 64,58773,3165.3,15.21
2020-11-09,65 to 79,23150,2485.5,11.49
2020-11-09,over 80,10191,3021.5,8.68
2020-11-10,0 to 4,5505,1046.8,7.04
2020-11-10,5 to 11,11865,1393.1,9.26
2020-11-10,12 to 17,14645,2035.8,13.42
2020-11-10,18 to 29,76903,4514.6,25.16
2020-11-10,30 to 49,105610,3875.0,20.09
2020-11-10,50 to 64,59141,3185.1,15.68
2020-11-10,65 to 79,23311,2502.8,12.09
2020-11-10,over 80,10220,3030.1,8.92
2020-11-11,0 to 4,5553,1055.9,7.19
2020-11-11,5 to 11,11970,1405.4,9.61
2020-11-11,12 to 17,14743,2049.4,13.71
2020-11-11,18 to 29,77438,4546.0,26.13
2020-11-11,30 to 49,106248,3898.4,20.62
2020-11-11,50 to 64,59505,3204.7,16.22
2020-11-11,65 to 79,23411,2513.6,12.03
2020-11-11,over 80,10254,3040.1,9.32
2020-11-12,0 to 4,5601,1065.0,7.39
2020-11-12,5 to 11,12089,1419.4,9.9
2020-11-12,12 to 17,14891,2070.0,14.32
2020-11-12,18 to 29,78092,4584.4,27.26
2020-11-12,30 to 49,107038,3927.4,21.37
2020-11-12,50 to 64,59919,3227.0,16.73
2020-11-12,65 to 79,23547,2528.2,12.08
2020-11-12,over 80,10308,3056.2,9.78
2020-11-13,0 to 4,5666,1077.4,7.9
2020-11-13,5 to 11,12181,1430.2,10.17
2020-11-13,12 to 17,15023,2088.3,14.92
2020-11-13,18 to 29,78726,4621.6,28.64
2020-11-13,30 to 49,107860,3957.5,22.55
2020-11-13,50 to 64,60295,3247.3,17.18
2020-11-13,65 to 79,23708,2545.4,12.72
2020-11-13,over 80,10371,3074.8,10.53
2020-11-14,0 to 4,5763,1095.9,8.83
2020-11-14,5 to 11,12361,1451.3,11.18
2020-11-14,12 to 17,15227,2116.7,16.38
2020-11-14,18 to 29,79685,4677.9,31.32
2020-11-14,30 to 49,109069,4001.9,24.63
2020-11-14,50 to 64,60895,3279.6,18.66
2020-11-14,65 to 79,23920,2568.2,13.54
2020-11-14,over 80,10457,3100.3,11.84
2020-11-15,0 to 4,5828,1108.2,9.34
2020-11-15,5 to 11,12507,1468.4,11.79
2020-11-15,12 to 17,15405,2141.4,17.24
2020-11-15,18 to 29,80415,4720.8,32.77
2020-11-15,30 to 49,110056,4038.1,25.94
2020-11-15,50 to 64,61385,3306.0,19.52
2020-11-15,65 to 79,24118,2589.5,14.16
2020-11-15,over 80,10525,3120.5,12.73
2020-11-16,0 to 4,5894,1120.8,9.85
2020-11-16,5 to 11,12672,1487.8,12.5
2020-11-16,12 to 17,15585,2166.5,18.21
2020-11-16,18 to 29,81109,4761.5,34.3
2020-11-16,30 to 49,110952,4071.0,27.07
2020-11-16,50 to 64,61914,3334.5,20.5
2020-11-16,65 to 79,24291,2608.0,14.67
2020-11-16,over 80,10565,3132.4,13.13
2020-11-17,0 to 4,5931,1127.8,10.01
2020-11-17,5 to 11,12751,1497.1,12.76
2020-11-17,12 to 17,15696,2181.9,18.68
2020-11-17,18 to 29,81639,4792.6,35.41
2020-11-17,30 to 49,111644,4096.4,27.75
2020-11-17,50 to 64,62300,3355.3,21.14
2020-11-17,65 to 79,24435,2623.5,15.22
2020-11-17,over 80,10605,3144.2,13.64
2020-11-18,0 to 4,5990,1139.0,10.32
2020-11-18,5 to 11,12941,1519.4,13.73
2020-11-18,12 to 17,15924,2213.6,19.99
2020-11-18,18 to 29,82526,4844.7,37.29
2020-11-18,30 to 49,112881,4141.7,29.44
2020-11-18,50 to 64,62955,3390.5,22.51
2020-11-18,65 to 79,24671,2648.8,16.32
2020-11-18,over 80,10684,3167.6,14.55
2020-11-19,0 to 4,6078,1155.7,10.73
2020-11-19,5 to 11,13201,1549.9,15.15
2020-11-19,12 to 17,16191,2250.7,21.49
2020-11-19,18 to 29,83807,4919.9,40.39
2020-11-19,30 to 49,114537,4202.5,32.07
2020-11-19,50 to 64,63738,3432.7,24.33
2020-11-19,65 to 79,24934,2677.1,17.29
2020-11-19,over 80,10746,3186.0,15.04
2020-11-20,0 to 4,6173,1173.8,11.21
2020-11-20,5 to 11,13372,1570.0,15.76
2020-11-20,12 to 17,16398,2279.5,22.34
2020-11-20,18 to 29,84796,4978.0,42.26
2020-11-20,30 to 49,115838,4250.2,33.78
2020-11-20,50 to 64,64513,3474.4,25.88
2020-11-20,65 to 79,25223,2708.1,18.49
2020-11-20,over 80,10861,3220.1,16.45
2020-11-21,0 to 4,6262,1190.7,11.94
2020-11-21,5 to 11,13561,1592.2,16.61
2020-11-21,12 to 17,16660,2315.9,23.62
2020-11-21,18 to 29,85839,5039.2,43.87
2020-11-21,30 to 49,117316,4304.5,35.58
2020-11-21,50 to 64,65248,3514.0,27.19
2020-11-21,65 to 79,25535,2741.6,19.9
2020-11-21,over 80,10965,3251.0,17.94
2020-11-22,0 to 4,6315,1200.8,11.84
2020-11-22,5 to 11,13708,1609.4,16.86
2020-11-22,12 to 17,16822,2338.4,23.85
2020-11-22,18 to 29,86436,5074.3,43.97
2020-11-22,30 to 49,118148,4335.0,35.94
2020-11-22,50 to 64,65691,3537.9,27.52
2020-11-22,65 to 79,25712,2760.6,20.21
2020-11-22,over 80,11031,3270.5,18.36
2020-11-23,0 to 4,6459,1228.2,13.41
2020-11-23,5 to 11,14029,1647.1,18.9
2020-11-23,12 to 17,17182,2388.5,26.49
2020-11-23,18 to 29,87940,5162.5,48.63
2020-11-23,30 to 49,120202,4410.4,40.12
2020-11-23,50 to 64,66773,3596.2,30.78
2020-11-23,65 to 79,26102,2802.5,22.64
2020-11-23,over 80,11172,3312.3,20.78
2020-11-24,0 to 4,6528,1241.3,13.89
2020-11-24,5 to 11,14174,1664.2,19.36
2020-11-24,12 to 17,17381,2416.1,27.17
2020-11-24,18 to 29,88743,5209.7,49.65
2020-11-24,30 to 49,121327,4451.6,41.19
2020-11-24,50 to 64,67433,3631.7,31.9
2020-11-24,65 to 79,26363,2830.5,23.41
2020-11-24,over 80,11248,3334.9,21.77
2020-11-25,0 to 4,6594,1253.9,14.14
2020-11-25,5 to 11,14333,1682.8,19.82
2020-11-25,12 to 17,17608,2447.7,28.45
2020-11-25,18 to 29,89690,5265.3,51.38
2020-11-25,30 to 49,122638,4499.7,42.95
2020-11-25,50 to 64,68189,3672.4,33.41
2020-11-25,65 to 79,26638,2860.0,24.75
2020-11-25,over 80,11328,3358.6,22.74
2020-11-26,0 to 4,6693,1272.7,14.83
2020-11-26,5 to 11,14588,1712.8,20.96
2020-11-26,12 to 17,17861,2482.8,29.49
2020-11-26,18 to 29,90919,5337.4,53.79
2020-11-26,30 to 49,124341,4562.2,45.35
2020-11-26,50 to 64,69114,3722.2,35.37
2020-11-26,65 to 79,26947,2893.2,26.07
2020-11-26,over 80,11435,3390.3,23.87
2020-11-27,0 to 4,6787,1290.6,15.23
2020-11-27,5 to 11,14778,1735.1,21.78
2020-11-27,12 to 17,18101,2516.2,30.56
2020-11-27,18 to 29,92034,5402.9,55.8
2020-11-27,30 to 49,125868,4618.2,47.2
2020-11-27,50 to 64,69955,3767.5,37.16
2020-11-27,65 to 79,27304,2931.5,27.58
2020-11-27,over 80,11553,3425.3,25.03
2020-11-28,0 to 4,6843,1301.2,14.67
2020-11-28,5 to 11,14876,1746.6,21.09
2020-11-28,12 to 17,18258,2538.0,30.1
2020-11-28,18 to 29,92789,5447.2,54.95
2020-11-28,30 to 49,126923,4657.0,46.79
2020-11-28,50 to 64,70548,3799.5,37.13
2020-11-28,65 to 79,27596,2962.9,28.19
2020-11-28,over 80,11629,3447.8,24.82
2020-11-29,0 to 4,6935,1318.7,15.04
2020-11-29,5 to 11,15100,1772.9,21.75
2020-11-29,12 to 17,18550,2578.6,31.23
2020-11-29,18 to 29,93904,5512.7,56.56
2020-11-29,30 to 49,128495,4714.6,48.32
2020-11-29,50 to 64,71409,3845.8,38.56
2020-11-29,65 to 79,27939,2999.7,29.3
2020-11-29,over 80,11724,3476.0,25.39
2020-11-30,0 to 4,7030,1336.8,15.43
2020-11-30,5 to 11,15322,1798.9,22.22
2020-11-30,12 to 17,18866,2622.5,32.58
2020-11-30,18 to 29,95172,5587.1,58.97
2020-11-30,30 to 49,130272,4779.8,50.63
2020-11-30,50 to 64,72293,3893.4,39.93
2020-11-30,65 to 79,28301,3038.6,30.75
2020-11-30,over 80,11803,3499.4,26.22
2020-12-01,0 to 4,7176,1364.5,16.91
2020-12-01,5 to 11,15653,1837.8,24.34
2020-12-01,12 to 17,19291,2681.6,35.7
2020-12-01,18 to 29,96943,5691.1,64.17
2020-12-01,30 to 49,132590,4864.9,54.9
2020-12-01,50 to 64,73606,3964.2,43.49
2020-12-01,65 to 79,28768,3088.7,33.23
2020-12-01,over 80,11934,3538.2,28.14
2020-12-02,0 to 4,7265,1381.5,17.32
2020-12-02,5 to 11,15869,1863.2,24.56
2020-12-02,12 to 17,19687,2736.7,37.36
2020-12-02,18 to 29,98282,5769.7,66.07
2020-12-02,30 to 49,134324,4928.5,56.2
2020-12-02,50 to 64,74574,4016.3,44.7
2020-12-02,65 to 79,29135,3128.1,34.23
2020-12-02,over 80,12062,3576.2,29.18
2020-12-03,0 to 4,7408,1408.7,18.06
2020-12-03,5 to 11,16236,1906.2,25.45
2020-12-03,12 to 17,20040,2785.7,38.22
2020-12-03,18 to 29,100097,5876.2,68.31
2020-12-03,30 to 49,136902,5023.1,58.61
2020-12-03,50 to 64,75839,4084.4,46.55
2020-12-03,65 to 79,29596,3177.6,35.75
2020-12-03,over 80,12254,3633.1,31.94
2020-12-04,0 to 4,7575,1440.4,19.04
2020-12-04,5 to 11,16663,1956.4,27.6
2020-12-04,12 to 17,20584,2861.4,41.56
2020-12-04,18 to 29,102180,5998.5,72.9
2020-12-04,30 to 49,139810,5129.8,62.83
2020-12-04,50 to 64,77264,4161.2,49.05
2020-12-04,65 to 79,30121,3234.0,37.56
2020-12-04,over 80,12442,3688.9,33.48
2020-12-05,0 to 4,7734,1470.6,19.99
2020-12-05,5 to 11,17086,2006.0,29.56
2020-12-05,12 to 17,21127,2936.8,44.35
2020-12-05,18 to 29,104387,6128.1,77.78
2020-12-05,30 to 49,142666,5234.6,66.44
2020-12-05,50 to 64,78835,4245.8,52.27
2020-12-05,65 to 79,30703,3296.5,39.63
2020-12-05,over 80,12626,3743.4,35.18
2020-12-06,0 to 4,7958,1513.2,22.32
2020-12-06,5 to 11,17625,2069.3,32.85
2020-12-06,12 to 17,21803,3030.8,49.46
2020-12-06,18 to 29,106825,6271.2,85.5
2020-12-06,30 to 49,146056,5359.0,73.14
2020-12-06,50 to 64,80533,4337.2,57.1
2020-12-06,65 to 79,31298,3360.4,42.84
2020-12-06,over 80,12811,3798.3,37.7
2020-12-07,0 to 4,8125,1545.0,22.63
2020-12-07,5 to 11,18107,2125.9,34.2
2020-12-07,12 to 17,22282,3097.4,50.64
2020-12-07,18 to 29,108831,6389.0,87.6
2020-12-07,30 to 49,148669,5454.8,74.61
2020-12-07,50 to 64,81923,4412.1,58.28
2020-12-07,65 to 79,31822,3416.6,43.87
2020-12-07,over 80,13011,3857.6,38.95
2020-12-08,0 to 4,8285,1575.4,23.86
2020-12-08,5 to 11,18544,2177.2,36.65
2020-12-08,12 to 17,22804,3170.0,53.85
2020-12-08,18 to 29,110784,6503.6,92.42
2020-12-08,30 to 49,151452,5557.0,78.95
2020-12-08,50 to 64,83383,4490.7,61.36
2020-12-08,65 to 79,32333,3471.5,45.78
2020-12-08,over 80,13168,3904.1,40.66
2020-12-09,0 to 4,8445,1605.8,25.14
2020-12-09,5 to 11,18941,2223.8,38.64
2020-12-09,12 to 17,23331,3243.2,56.82
2020-12-09,18 to 29,112704,6616.3,96.5
2020-12-09,30 to 49,154211,5658.2,82.75
2020-12-09,50 to 64,84898,4572.3,64.28
2020-12-09,65 to 79,32912,3533.6,48.12
2020-12-09,over 80,13346,3956.9,42.74
2020-12-10,0 to 4,8719,1657.9,27.52
2020-12-10,5 to 11,19583,2299.2,41.89
2020-12-10,12 to 17,24127,3353.9,62.22
2020-12-10,18 to 29,115639,6788.6,103.66
2020-12-10,30 to 49,158329,5809.3,89.08
2020-12-10,50 to 64,87133,4692.7,69.32
2020-12-10,65 to 79,33708,3619.1,51.85
2020-12-10,over 80,13583,4027.1,45.49
2020-12-11,0 to 4,8952,1702.2,29.41
2020-12-11,5 to 11,20270,2379.9,46.06
2020-12-11,12 to 17,24944,3467.4,67.95
2020-12-11,18 to 29,118871,6978.4,112.53
2020-12-11,30 to 49,162790,5973.0,96.77
2020-12-11,50 to 64,89673,4829.5,75.85
2020-12-11,65 to 79,34526,3706.9,55.39
2020-12-11,over 80,13818,4096.8,47.97
2020-12-12,0 to 4,9192,1747.9,31.9
2020-12-12,5 to 11,20821,2444.6,49.86
2020-12-12,12 to 17,25628,3562.5,73.18
2020-12-12,18 to 29,121393,7126.4,119.94
2020-12-12,30 to 49,166547,6110.8,103.85
2020-12-12,50 to 64,91669,4937.0,81.25
2020-12-12,65 to 79,35277,3787.6,58.91
2020-12-12,over 80,14081,4174.8,51.93
2020-12-13,0 to 4,9434,1793.9,33.94
2020-12-13,5 to 11,21372,2509.3,52.6
2020-12-13,12 to 17,26402,3670.1,77.96
2020-12-13,18 to 29,124310,7297.7,127.5
2020-12-13,30 to 49,170694,6263.0,110.6
2020-12-13,50 to 64,93964,5060.6,86.77
2020-12-13,65 to 79,36180,3884.5,63.2
2020-12-13,over 80,14368,4259.9,55.99
2020-12-14,0 to 4,9553,1816.5,34.27
2020-12-14,5 to 11,21702,2548.0,53.5
2020-12-14,12 to 17,26820,3728.2,78.98
2020-12-14,18 to 29,125870,7389.2,128.72
2020-12-14,30 to 49,173111,6351.6,112.27
2020-12-14,50 to 64,95430,5139.5,89.01
2020-12-14,65 to 79,36776,3948.5,65.0
2020-12-14,over 80,14614,4332.8,59.53
2020-12-15,0 to 4,9787,1861.0,35.46
2020-12-15,5 to 11,22241,2611.3,55.25
2020-12-15,12 to 17,27482,3820.3,81.33
2020-12-15,18 to 29,128479,7542.4,132.24
2020-12-15,30 to 49,176698,6483.3,115.6
2020-12-15,50 to 64,97322,5241.4,91.23
2020-12-15,65 to 79,37578,4034.6,67.56
2020-12-15,over 80,14853,4403.7,61.82
2020-12-16,0 to 4,10262,1951.3,40.71
2020-12-16,5 to 11,23444,2752.5,63.53
2020-12-16,12 to 17,28911,4018.9,91.59
2020-12-16,18 to 29,133717,7849.9,148.59
2020-12-16,30 to 49,183794,6743.6,129.65
2020-12-16,50 to 64,101209,5450.8,102.46
2020-12-16,65 to 79,38958,4182.8,75.33
2020-12-16,over 80,15210,4509.5,66.67
2020-12-17,0 to 4,10516,1999.6,42.21
2020-12-17,5 to 11,24133,2833.4,66.23
2020-12-17,12 to 17,29729,4132.6,96.2
2020-12-17,18 to 29,136729,8026.7,153.61
2020-12-17,30 to 49,188290,6908.6,134.68
2020-12-17,50 to 64,103662,5582.9,107.03
2020-12-17,65 to 79,39855,4279.1,78.68
2020-12-17,over 80,15562,4613.9,70.06
2020-12-18,0 to 4,10846,2062.4,44.43
2020-12-18,5 to 11,24924,2926.3,69.28
2020-12-18,12 to 17,30687,4265.8,100.31
2020-12-18,18 to 29,140318,8237.4,159.92
2020-12-18,30 to 49,193414,7096.6,140.49
2020-12-18,50 to 64,106619,5742.1,112.93
2020-12-18,65 to 79,40948,4396.4,83.03
2020-12-18,over 80,15844,4697.5,72.05
2020-12-19,0 to 4,11098,2110.3,45.69
2020-12-19,5 to 11,25614,3007.3,71.52
2020-12-19,12 to 17,31491,4377.5,102.91
2020-12-19,18 to 29,143237,8408.8,162.91
2020-12-19,30 to 49,197838,7258.9,144.59
2020-12-19,50 to 64,109111,5876.3,116.47
2020-12-19,65 to 79,41915,4500.3,85.99
2020-12-19,over 80,16185,4798.6,75.37
2020-12-20,0 to 4,11361,2160.3,46.22
2020-12-20,5 to 11,26300,3087.8,72.75
2020-12-20,12 to 17,32324,4493.3,104.47
2020-12-20,18 to 29,146044,8573.6,164.45
2020-12-20,30 to 49,202082,7414.6,146.83
2020-12-20,50 to 64,111653,6013.2,119.72
2020-12-20,65 to 79,42874,4603.2,88.78
2020-12-20,over 80,16533,4901.8,78.82
2020-12-21,0 to 4,11610,2207.7,47.33
2020-12-21,5 to 11,26861,3153.7,73.41
2020-12-21,12 to 17,33050,4594.3,106.92
2020-12-21,18 to 29,148575,8722.1,166.66
2020-12-21,30 to 49,205699,7547.3,149.46
2020-12-21,50 to 64,113818,6129.8,122.7
2020-12-21,65 to 79,43785,4701.0,91.74
2020-12-21,over 80,16788,4977.4,79.99
2020-12-22,0 to 4,11814,2246.5,47.93
2020-12-22,5 to 11,27393,3216.2,74.21
2020-12-22,12 to 17,33722,4687.7,108.41
2020-12-22,18 to 29,151169,8874.4,169.34
2020-12-22,30 to 49,209371,7682.1,151.79
2020-12-22,50 to 64,116134,6254.6,125.99
2020-12-22,65 to 79,44726,4802.1,95.04
2020-12-22,over 80,17101,5070.2,83.29
2020-12-23,0 to 4,12110,2302.7,49.78
2020-12-23,5 to 11,28220,3313.3,77.82
2020-12-23,12 to 17,34697,4823.2,112.86
2020-12-23,18 to 29,154794,9087.2,176.49
2020-12-23,30 to 49,214610,7874.3,158.29
2020-12-23,50 to 64,119299,6425.0,132.34
2020-12-23,65 to 79,45917,4929.9,99.74
2020-12-23,over 80,17552,5203.9,89.07
2020-12-24,0 to 4,12366,2351.4,49.53
2020-12-24,5 to 11,28838,3385.8,77.62
2020-12-24,12 to 17,35472,4930.9,112.65
2020-12-24,18 to 29,157564,9249.8,175.8
2020-12-24,30 to 49,218633,8021.9,158.04
2020-12-24,50 to 64,121805,6560.0,133.38
2020-12-24,65 to 79,46844,5029.5,100.74
2020-12-24,over 80,17869,5297.9,90.77
2020-12-25,0 to 4,12366,2351.4,46.37
2020-12-25,5 to 11,28838,3385.8,71.85
2020-12-25,12 to 17,35472,4930.9,104.53
2020-12-25,18 to 29,157564,9249.8,162.25
2020-12-25,30 to 49,218633,8021.9,146.35
2020-12-25,50 to 64,121805,6560.0,123.61
2020-12-25,65 to 79,46844,5029.5,94.47
2020-12-25,over 80,17869,5297.9,85.79
2020-12-26,0 to 4,13019,2475.6,51.98
2020-12-26,5 to 11,30372,3565.9,80.1
2020-12-26,12 to 17,37436,5203.9,117.24
2020-12-26,18 to 29,164099,9633.5,179.08
2020-12-26,30 to 49,227875,8361.0,160.73
2020-12-26,50 to 64,127168,6848.8,136.56
2020-12-26,65 to 79,49038,5265.0,105.53
2020-12-26,over 80,18570,5505.7,95.07
2020-12-27,0 to 4,13307,2530.4,52.6
2020-12-27,5 to 11,31107,3652.2,81.64
2020-12-27,12 to 17,38324,5327.4,118.38
2020-12-27,18 to 29,166878,9796.6,178.5
2020-12-27,30 to 49,231966,8511.1,160.58
2020-12-27,50 to 64,129485,6973.6,136.65
2020-12-27,65 to 79,49933,5361.1,105.47
2020-12-27,over 80,18849,5588.4,94.9
2020-12-28,0 to 4,13550,2576.6,54.29
2020-12-28,5 to 11,31742,3726.8,84.2
2020-12-28,12 to 17,39154,5442.8,122.47
2020-12-28,18 to 29,169929,9975.7,184.75
2020-12-28,30 to 49,236358,8672.3,165.76
2020-12-28,50 to 64,132060,7112.3,140.91
2020-12-28,65 to 79,51094,5485.8,109.81
2020-12-28,over 80,19256,5709.1,98.31
2020-12-29,0 to 4,13765,2617.5,54.03
2020-12-29,5 to 11,32241,3785.4,83.86
2020-12-29,12 to 17,39805,5533.3,122.36
2020-12-29,18 to 29,172509,10127.2,184.63
2020-12-29,30 to 49,240150,8811.4,166.29
2020-12-29,50 to 64,134374,7236.9,142.53
2020-12-29,65 to 79,51950,5577.7,110.22
2020-12-29,over 80,19518,5786.8,98.79
2020-12-30,0 to 4,13917,2646.4,49.64
2020-12-30,5 to 11,32670,3835.7,77.37
2020-12-30,12 to 17,40375,5612.5,113.83
2020-12-30,18 to 29,174748,10258.6,172.05
2020-12-30,30 to 49,243261,8925.5,155.85
2020-12-30,50 to 64,136258,7338.4,134.83
2020-12-30,65 to 79,52677,5655.7,105.21
2020-12-30,over 80,19794,5868.6,97.08
2020-12-31,0 to 4,14175,2695.4,49.7
2020-12-31,5 to 11,33347,3915.2,77.27
2020-12-31,12 to 17,41278,5738.0,114.67
2020-12-31,18 to 29,177934,10445.7,172.78
2020-12-31,30 to 49,247848,9093.8,156.09
2020-12-31,50 to 64,138828,7476.8,135.28
2020-12-31,65 to 79,53774,5773.5,106.75
2020-12-31,over 80,20217,5994.0,98.58
2021-01-01,0 to 4,14516,2760.3,49.85
2021-01-01,5 to 11,34372,4035.6,79.23
2021-01-01,12 to 17,42532,5912.3,117.61
2021-01-01,18 to 29,182347,10704.7,176.24
2021-01-01,30 to 49,254250,9328.7,159.44
2021-01-01,50 to 64,142489,7674.0,137.99
2021-01-01,65 to 79,55127,5918.8,108.74
2021-01-01,over 80,20733,6147.0,103.54
2021-01-02,0 to 4,14796,2813.5,50.23
2021-01-02,5 to 11,35210,4134.0,80.48
2021-01-02,12 to 17,43598,6060.5,120.21
2021-01-02,18 to 29,185915,10914.2,178.96
2021-01-02,30 to 49,259430,9518.8,161.42
2021-01-02,50 to 64,145480,7835.0,139.91
2021-01-02,65 to 79,56378,6053.1,110.92
2021-01-02,over 80,21093,6253.7,103.94
2021-01-03,0 to 4,15036,2859.1,49.92
2021-01-03,5 to 11,35886,4213.3,80.39
2021-01-03,12 to 17,44403,6172.4,119.94
2021-01-03,18 to 29,188553,11069.1,178.25
2021-01-03,30 to 49,263102,9653.5,159.92
2021-01-03,50 to 64,147656,7952.2,138.5
2021-01-03,65 to 79,57278,6149.7,110.46
2021-01-03,over 80,21363,6333.8,102.29
2021-01-04,0 to 4,15174,2885.4,48.41
2021-01-04,5 to 11,36333,4265.8,79.44
2021-01-04,12 to 17,44953,6248.9,118.19
2021-01-04,18 to 29,190437,11179.7,175.54
2021-01-04,30 to 49,266059,9762.0,158.19
2021-01-04,50 to 64,149402,8046.3,136.89
2021-01-04,65 to 79,58011,6228.4,109.1
2021-01-04,over 80,21645,6417.4,102.86
2021-01-05,0 to 4,15412,2930.6,48.87
2021-01-05,5 to 11,36935,4336.5,80.02
2021-01-05,12 to 17,45703,6353.1,118.96
2021-01-05,18 to 29,193020,11331.3,175.49
2021-01-05,30 to 49,269644,9893.6,157.96
2021-01-05,50 to 64,151521,8160.4,136.13
2021-01-05,65 to 79,58869,6320.6,108.46
2021-01-05,over 80,21905,6494.5,101.74
2021-01-06,0 to 4,15616,2969.4,47.62
2021-01-06,5 to 11,37440,4395.8,77.32
2021-01-06,12 to 17,46369,6445.7,115.89
2021-01-06,18 to 29,195378,11469.7,170.18
2021-01-06,30 to 49,273279,10026.9,153.76
2021-01-06,50 to 64,153639,8274.5,132.1
2021-01-06,65 to 79,59793,6419.8,106.42
2021-01-06,over 80,22195,6580.5,98.33
2021-01-07,0 to 4,16007,3043.8,49.45
2021-01-07,5 to 11,38385,4506.7,80.06
2021-01-07,12 to 17,47586,6614.9,120.28
2021-01-07,18 to 29,199631,11719.4,176.4
2021-01-07,30 to 49,279077,10239.7,158.41
2021-01-07,50 to 64,157056,8458.5,135.61
2021-01-07,65 to 79,61115,6561.7,109.44
2021-01-07,over 80,22677,6723.4,101.82
2021-01-08,0 to 4,16373,3113.4,54.42
2021-01-08,5 to 11,39297,4613.8,87.71
2021-01-08,12 to 17,48769,6779.3,132.03
2021-01-08,18 to 29,203698,11958.2,193.45
2021-01-08,30 to 49,284766,10448.4,173.32
2021-01-08,50 to 64,160326,8634.6,148.19
2021-01-08,65 to 79,62387,6698.3,119.2
2021-01-08,over 80,23055,6835.4,109.83
2021-01-09,0 to 4,16641,3164.3,49.2
2021-01-09,5 to 11,40135,4712.2,81.88
2021-01-09,12 to 17,49851,6929.7,123.27
2021-01-09,18 to 29,207600,12187.2,182.41
2021-01-09,30 to 49,290086,10643.6,163.04
2021-01-09,50 to 64,163385,8799.3,139.32
2021-01-09,65 to 79,63602,6828.7,111.69
2021-01-09,over 80,23457,6954.6,103.49
2021-01-10,0 to 4,16864,3206.7,48.31
2021-01-10,5 to 11,40803,4790.6,81.31
2021-01-10,12 to 17,50756,7055.5,123.44
2021-01-10,18 to 29,210695,12368.9,183.74
2021-01-10,30 to 49,294290,10797.8,163.34
2021-01-10,50 to 64,165926,8936.2,140.18
2021-01-10,65 to 79,64665,6942.9,112.98
2021-01-10,over 80,23801,7056.6,104.87
2021-01-11,0 to 4,17123,3256.0,48.53
2021-01-11,5 to 11,41474,4869.4,81.62
2021-01-11,12 to 17,51574,7169.3,123.32
2021-01-11,18 to 29,213592,12539.0,183.09
2021-01-11,30 to 49,298254,10943.3,162.22
2021-01-11,50 to 64,168339,9066.1,139.56
2021-01-11,65 to 79,65658,7049.5,111.69
2021-01-11,over 80,24108,7147.6,102.75
2021-01-12,0 to 4,17360,3301.1,48.83
2021-01-12,5 to 11,42104,4943.4,82.71
2021-01-12,12 to 17,52397,7283.7,125.03
2021-01-12,18 to 29,216241,12694.5,183.38
2021-01-12,30 to 49,301830,11074.5,161.65
2021-01-12,50 to 64,170569,9186.2,139.24
2021-01-12,65 to 79,66555,7145.8,112.01
2021-01-12,over 80,24421,7240.4,103.83
2021-01-13,0 to 4,17614,3349.4,50.21
2021-01-13,5 to 11,42730,5016.9,84.37
2021-01-13,12 to 17,53245,7401.5,127.79
2021-01-13,18 to 29,218831,12846.5,184.85
2021-01-13,30 to 49,305583,11212.2,163.33
2021-01-13,50 to 64,172728,9302.5,140.3
2021-01-13,65 to 79,67450,7241.9,113.29
2021-01-13,over 80,24692,7320.8,103.73
2021-01-14,0 to 4,17967,3416.5,51.5
2021-01-14,5 to 11,43590,5117.8,85.9
2021-01-14,12 to 17,54380,7559.3,130.09
2021-01-14,18 to 29,222491,13061.4,186.84
2021-01-14,30 to 49,310733,11401.2,164.81
2021-01-14,50 to 64,175943,9475.7,142.78
2021-01-14,65 to 79,68738,7380.2,114.76
2021-01-14,over 80,25112,7445.3,103.66
2021-01-15,0 to 4,18279,3475.8,51.11
2021-01-15,5 to 11,44359,5208.1,83.75
2021-01-15,12 to 17,55315,7689.3,126.93
2021-01-15,18 to 29,225562,13241.7,181.21
2021-01-15,30 to 49,315126,11562.3,159.54
2021-01-15,50 to 64,178702,9624.3,139.31
2021-01-15,65 to 79,69871,7501.8,113.07
2021-01-15,over 80,25517,7565.4,101.31
2021-01-16,0 to 4,18559,3529.0,51.11
2021-01-16,5 to 11,45101,5295.2,82.95
2021-01-16,12 to 17,56224,7815.7,125.37
2021-01-16,18 to 29,228506,13414.5,178.59
2021-01-16,30 to 49,319468,11721.7,157.35
2021-01-16,50 to 64,181246,9761.3,137.59
2021-01-16,65 to 79,71002,7623.2,112.15
2021-01-16,over 80,25844,7662.3,100.61
2021-01-17,0 to 4,18807,3576.2,51.22
2021-01-17,5 to 11,45704,5366.0,82.34
2021-01-17,12 to 17,56866,7904.9,123.75
2021-01-17,18 to 29,230737,13545.5,176.89
2021-01-17,30 to 49,322519,11833.6,155.72
2021-01-17,50 to 64,183214,9867.3,136.79
2021-01-17,65 to 79,71879,7717.4,111.98
2021-01-17,over 80,26121,7744.5,100.76
2021-01-18,0 to 4,19027,3618.0,52.33
2021-01-18,5 to 11,46246,5429.7,83.13
2021-01-18,12 to 17,57530,7997.2,124.88
2021-01-18,18 to 29,232855,13669.8,177.87
2021-01-18,30 to 49,325433,11940.5,155.61
2021-01-18,50 to 64,185112,9969.5,137.37
2021-01-18,65 to 79,72665,7801.8,112.38
2021-01-18,over 80,26375,7819.8,100.17
2021-01-19,0 to 4,19192,3649.4,51.34
2021-01-19,5 to 11,46628,5474.5,81.29
2021-01-19,12 to 17,58083,8074.1,122.92
2021-01-19,18 to 29,234583,13771.3,174.28
2021-01-19,30 to 49,327850,12029.2,152.55
2021-01-19,50 to 64,186623,10050.9,135.03
2021-01-19,65 to 79,73238,7863.3,110.2
2021-01-19,over 80,26598,7885.9,99.39
2021-01-20,0 to 4,19282,3666.5,49.79
2021-01-20,5 to 11,46851,5500.7,78.92
2021-01-20,12 to 17,58341,8109.9,118.87
2021-01-20,18 to 29,235762,13840.5,169.34
2021-01-20,30 to 49,329529,12090.8,147.42
2021-01-20,50 to 64,187741,10111.1,131.19
2021-01-20,65 to 79,73752,7918.5,107.05
2021-01-20,over 80,26785,7941.3,97.2
2021-01-21,0 to 4,19436,3695.8,46.57
2021-01-21,5 to 11,47196,5541.2,73.89
2021-01-21,12 to 17,58793,8172.8,111.28
2021-01-21,18 to 29,237327,13932.4,158.07
2021-01-21,30 to 49,331823,12175.0,138.24
2021-01-21,50 to 64,189266,10193.2,123.91
2021-01-21,65 to 79,74428,7991.1,102.1
2021-01-21,over 80,27026,8012.8,92.1
2021-01-22,0 to 4,19584,3724.0,43.61
2021-01-22,5 to 11,47585,5586.9,69.51
2021-01-22,12 to 17,59272,8239.4,104.29
2021-01-22,18 to 29,239147,14039.2,148.65
2021-01-22,30 to 49,334486,12272.7,130.31
2021-01-22,50 to 64,190953,10284.0,117.82
2021-01-22,65 to 79,75157,8069.3,97.93
2021-01-22,over 80,27297,8093.1,89.83
2021-01-23,0 to 4,19799,3764.8,42.89
2021-01-23,5 to 11,48109,5648.4,66.87
2021-01-23,12 to 17,59923,8329.8,100.01
2021-01-23,18 to 29,241309,14166.1,141.35
2021-01-23,30 to 49,337564,12385.6,124.43
2021-01-23,50 to 64,192889,10388.3,113.5
2021-01-23,65 to 79,75978,8157.5,94.91
2021-01-23,over 80,27553,8169.0,86.74
2021-01-24,0 to 4,19980,3799.3,42.32
2021-01-24,5 to 11,48517,5696.3,64.69
2021-01-24,12 to 17,60427,8399.9,96.03
2021-01-24,18 to 29,242992,14264.9,135.43
2021-01-24,30 to 49,339940,12472.8,119.64
2021-01-24,50 to 64,194450,10472.4,109.73
2021-01-24,65 to 79,76644,8229.0,91.87
2021-01-24,over 80,27737,8223.6,83.35
2021-01-25,0 to 4,20133,3828.3,40.88
2021-01-25,5 to 11,48852,5735.6,61.87
2021-01-25,12 to 17,60843,8457.7,92.03
2021-01-25,18 to 29,244333,14343.6,128.9
2021-01-25,30 to 49,341889,12544.3,114.36
2021-01-25,50 to 64,195739,10541.8,105.4
2021-01-25,65 to 79,77186,8287.2,88.41
2021-01-25,over 80,27926,8279.6,80.86
2021-01-26,0 to 4,20228,3846.4,38.95
2021-01-26,5 to 11,49097,5764.4,58.65
2021-01-26,12 to 17,61177,8504.2,87.18
2021-01-26,18 to 29,245482,14411.1,122.61
2021-01-26,30 to 49,343601,12607.1,109.47
2021-01-26,50 to 64,196909,10604.8,101.33
2021-01-26,65 to 79,77675,8339.7,85.28
2021-01-26,over 80,28089,8327.9,77.68
2021-01-27,0 to 4,20365,3872.5,37.37
2021-01-27,5 to 11,49396,5799.5,55.9
2021-01-27,12 to 17,61585,8560.9,82.81
2021-01-27,18 to 29,246820,14489.6,117.36
2021-01-27,30 to 49,345507,12677.1,104.63
2021-01-27,50 to 64,198165,10672.5,97.85
2021-01-27,65 to 79,78181,8394.0,82.3
2021-01-27,over 80,28298,8389.9,76.37
2021-01-28,0 to 4,20474,3893.2,34.05
2021-01-28,5 to 11,49633,5827.3,50.68
2021-01-28,12 to 17,61951,8611.8,75.17
2021-01-28,18 to 29,248047,14561.7,107.16
2021-01-28,30 to 49,347363,12745.2,96.0
2021-01-28,50 to 64,199422,10740.2,90.32
2021-01-28,65 to 79,78757,8455.9,76.84
2021-01-28,over 80,28477,8443.0,71.26
2021-01-29,0 to 4,20578,3913.0,31.23
2021-01-29,5 to 11,49910,5859.9,46.55
2021-01-29,12 to 17,62308,8661.4,69.44
2021-01-29,18 to 29,249349,14638.1,99.74
2021-01-29,30 to 49,349258,12814.7,89.45
2021-01-29,50 to 64,200642,10805.9,84.4
2021-01-29,65 to 79,79343,8518.8,72.64
2021-01-29,over 80,28694,8507.3,67.28
2021-01-30,0 to 4,20694,3935.0,29.0
2021-01-30,5 to 11,50241,5898.7,43.11
2021-01-30,12 to 17,62373,8670.4,61.05
2021-01-30,18 to 29,250782,14722.2,93.41
2021-01-30,30 to 49,351313,12890.1,83.46
2021-01-30,50 to 64,201944,10876.0,79.62
2021-01-30,65 to 79,79897,8578.3,68.22
2021-01-30,over 80,28868,8558.9,64.04
2021-01-31,0 to 4,20811,3957.3,27.22
2021-01-31,5 to 11,50552,5935.2,40.66
2021-01-31,12 to 17,63137,8776.6,62.27
2021-01-31,18 to 29,251905,14788.2,88.76
2021-01-31,30 to 49,352999,12952.0,79.88
2021-01-31,50 to 64,203093,10937.9,76.47
2021-01-31,65 to 79,80441,8636.7,65.66
2021-01-31,over 80,29023,8604.9,61.46
2021-02-01,0 to 4,20907,3975.5,25.53
2021-02-01,5 to 11,50759,5959.5,37.85
2021-02-01,12 to 17,63435,8818.0,58.63
2021-02-01,18 to 29,252747,14837.6,83.41
2021-02-01,30 to 49,354157,12994.4,75.28
2021-02-01,50 to 64,203944,10983.7,72.44
2021-02-01,65 to 79,80810,8676.3,62.46
2021-02-01,over 80,29151,8642.8,58.79
2021-02-02,0 to 4,20971,3987.7,24.16
2021-02-02,5 to 11,50909,5977.2,35.9
2021-02-02,12 to 17,63661,8849.5,55.39
2021-02-02,18 to 29,253404,14876.2,78.92
2021-02-02,30 to 49,355215,13033.3,71.72
2021-02-02,50 to 64,204719,11025.4,69.61
2021-02-02,65 to 79,81159,8713.8,60.75
2021-02-02,over 80,29276,8679.9,56.71
2021-02-03,0 to 4,21060,4004.6,24.15
2021-02-03,5 to 11,51134,6003.6,35.92
2021-02-03,12 to 17,63914,8884.6,55.34
2021-02-03,18 to 29,254447,14937.4,78.35
2021-02-03,30 to 49,356633,13085.3,71.03
2021-02-03,50 to 64,205667,11076.5,68.96
2021-02-03,65 to 79,81155,8713.3,56.77
2021-02-03,over 80,29430,8725.5,56.01
2021-02-04,0 to 4,21182,4027.8,23.71
2021-02-04,5 to 11,51394,6034.1,35.21
2021-02-04,12 to 17,64248,8931.1,54.16
2021-02-04,18 to 29,255416,14994.3,75.85
2021-02-04,30 to 49,358071,13138.1,68.79
2021-02-04,50 to 64,206649,11129.4,66.87
2021-02-04,65 to 79,81992,8803.2,58.01
2021-02-04,over 80,29583,8770.9,54.15
2021-02-05,0 to 4,21261,4042.8,22.78
2021-02-05,5 to 11,51569,6054.6,33.41
2021-02-05,12 to 17,64497,8965.7,51.88
2021-02-05,18 to 29,256296,15045.9,71.91
2021-02-05,30 to 49,359372,13185.8,65.22
2021-02-05,50 to 64,207515,11176.0,63.71
2021-02-05,65 to 79,82397,8846.7,55.52
2021-02-05,over 80,29761,8823.7,52.18
2021-02-06,0 to 4,21362,4062.0,21.23
2021-02-06,5 to 11,51821,6084.2,31.13
2021-02-06,12 to 17,64497,8965.7,45.42
2021-02-06,18 to 29,257260,15102.5,66.89
2021-02-06,30 to 49,360747,13236.2,60.76
2021-02-06,50 to 64,208400,11223.7,59.67
2021-02-06,65 to 79,82823,8892.4,52.49
2021-02-06,over 80,29915,8869.3,50.02
2021-02-07,0 to 4,21430,4075.0,19.69
2021-02-07,5 to 11,51971,6101.8,28.97
2021-02-07,12 to 17,64948,9028.4,44.89
2021-02-07,18 to 29,257823,15135.6,62.19
2021-02-07,30 to 49,361616,13268.1,56.81
2021-02-07,50 to 64,209019,11257.0,56.05
2021-02-07,65 to 79,83112,8923.4,49.6
2021-02-07,over 80,30018,8899.9,48.31
2021-02-08,0 to 4,21479,4084.3,18.28
2021-02-08,5 to 11,52094,6116.3,27.19
2021-02-08,12 to 17,65126,9053.1,42.53
2021-02-08,18 to 29,258394,15169.1,58.96
2021-02-08,30 to 49,362440,13298.4,53.86
2021-02-08,50 to 64,209544,11285.3,53.11
2021-02-08,65 to 79,83340,8947.9,47.2
2021-02-08,over 80,30087,8920.3,45.76
2021-02-09,0 to 4,21521,4092.3,17.56
2021-02-09,5 to 11,52215,6130.5,26.15
2021-02-09,12 to 17,65297,9076.9,40.91
2021-02-09,18 to 29,258975,15203.2,56.58
2021-02-09,30 to 49,363355,13331.9,51.77
2021-02-09,50 to 64,210215,11321.4,51.19
2021-02-09,65 to 79,83634,8979.5,45.7
2021-02-09,over 80,30181,8948.2,44.3
2021-02-10,0 to 4,21576,4102.7,16.45
2021-02-10,5 to 11,52367,6148.3,24.92
2021-02-10,12 to 17,65490,9103.7,38.77
2021-02-10,18 to 29,259595,15239.6,53.57
2021-02-10,30 to 49,364236,13364.3,49.08
2021-02-10,50 to 64,210788,11352.3,48.56
2021-02-10,65 to 79,83897,9007.7,43.84
2021-02-10,over 80,30305,8985.0,42.5
2021-02-11,0 to 4,21633,4113.6,15.74
2021-02-11,5 to 11,52509,6165.0,24.12
2021-02-11,12 to 17,65673,9129.1,36.96
2021-02-11,18 to 29,260228,15276.8,51.08
2021-02-11,30 to 49,365229,13400.7,46.82
2021-02-11,50 to 64,211484,11389.8,46.4
2021-02-11,65 to 79,84219,9042.3,41.89
2021-02-11,over 80,30427,9021.1,41.3
2021-02-12,0 to 4,21683,4123.1,15.01
2021-02-12,5 to 11,52643,6180.7,22.92
2021-02-12,12 to 17,65841,9152.5,35.08
2021-02-12,18 to 29,260832,15312.2,48.15
2021-02-12,30 to 49,366171,13435.2,44.33
2021-02-12,50 to 64,212106,11423.3,44.1
2021-02-12,65 to 79,84527,9075.4,39.76
2021-02-12,over 80,30569,9063.2,39.71
2021-02-13,0 to 4,21746,4135.1,14.29
2021-02-13,5 to 11,52777,6196.5,21.27
2021-02-13,12 to 17,66048,9181.3,36.49
2021-02-13,18 to 29,261465,15349.4,44.8
2021-02-13,30 to 49,367055,13467.7,41.26
2021-02-13,50 to 64,212662,11453.2,41.23
2021-02-13,65 to 79,84785,9103.1,37.49
2021-02-13,over 80,30662,9090.8,37.99
2021-02-14,0 to 4,21787,4142.9,13.26
2021-02-14,5 to 11,52880,6208.6,19.52
2021-02-14,12 to 17,66150,9195.5,29.92
2021-02-14,18 to 29,261824,15370.5,41.59
2021-02-14,30 to 49,367555,13486.0,38.15
2021-02-14,50 to 64,213015,11472.2,38.17
2021-02-14,65 to 79,84923,9117.9,34.37
2021-02-14,over 80,30718,9107.4,35.9
2021-02-15,0 to 4,21824,4149.9,12.46
2021-02-15,5 to 11,52977,6220.0,18.6
2021-02-15,12 to 17,66288,9214.6,28.33
2021-02-15,18 to 29,262188,15391.8,39.59
2021-02-15,30 to 49,368143,13507.6,36.65
2021-02-15,50 to 64,213377,11491.7,36.29
2021-02-15,65 to 79,85081,9134.9,32.75
2021-02-15,over 80,30768,9122.2,34.24
2021-02-16,0 to 4,21854,4155.6,11.99
2021-02-16,5 to 11,53017,6224.7,17.68
2021-02-16,12 to 17,66355,9224.0,26.75
2021-02-16,18 to 29,262427,15405.9,37.84
2021-02-16,30 to 49,368525,13521.6,34.88
2021-02-16,50 to 64,213634,11505.6,34.3
2021-02-16,65 to 79,85195,9147.1,30.95
2021-02-16,over 80,30817,9136.8,32.63
2021-02-17,0 to 4,21879,4160.4,11.12
2021-02-17,5 to 11,53085,6232.6,16.36
2021-02-17,12 to 17,66443,9236.2,25.11
2021-02-17,18 to 29,262893,15433.2,35.42
2021-02-17,30 to 49,369174,13545.4,32.87
2021-02-17,50 to 64,214056,11528.3,32.27
2021-02-17,65 to 79,85358,9164.6,32.23
2021-02-17,over 80,30909,9164.0,31.32
2021-02-18,0 to 4,21931,4170.2,10.17
2021-02-18,5 to 11,53190,6245.0,15.06
2021-02-18,12 to 17,66588,9256.3,23.23
2021-02-18,18 to 29,263391,15462.5,33.44
2021-02-18,30 to 49,369968,13574.6,31.18
2021-02-18,50 to 64,214598,11557.5,30.58
2021-02-18,65 to 79,85590,9189.5,27.59
2021-02-18,over 80,31000,9191.0,30.01
2021-02-19,0 to 4,21971,4177.8,9.64
2021-02-19,5 to 11,53281,6255.7,14.36
2021-02-19,12 to 17,66728,9275.8,22.15
2021-02-19,18 to 29,263854,15489.6,31.69
2021-02-19,30 to 49,370715,13602.0,29.73
2021-02-19,50 to 64,215087,11583.8,29.13
2021-02-19,65 to 79,85808,9212.9,26.16
2021-02-19,over 80,31122,9227.2,28.82
2021-02-20,0 to 4,22005,4184.3,8.73
2021-02-20,5 to 11,53362,6265.2,12.92
2021-02-20,12 to 17,66824,9289.1,23.11
2021-02-20,18 to 29,264339,15518.1,29.68
2021-02-20,30 to 49,371478,13630.0,28.12
2021-02-20,50 to 64,215549,11608.7,27.5
2021-02-20,65 to 79,86044,9238.2,24.7
2021-02-20,over 80,31204,9251.5,27.3
2021-02-21,0 to 4,22034,4189.8,8.2
2021-02-21,5 to 11,53414,6271.3,12.1
2021-02-21,12 to 17,66919,9302.4,19.57
2021-02-21,18 to 29,264629,15535.1,28.54
2021-02-21,30 to 49,371933,13646.7,27.04
2021-02-21,50 to 64,215794,11621.9,26.06
2021-02-21,65 to 79,86161,9250.8,23.38
2021-02-21,over 80,31262,9268.7,26.34
2021-02-22,0 to 4,22054,4193.6,7.81
2021-02-22,5 to 11,53447,6275.1,11.35
2021-02-22,12 to 17,66980,9310.8,18.41
2021-02-22,18 to 29,264809,15545.7,26.9
2021-02-22,30 to 49,372232,13657.6,25.66
2021-02-22,50 to 64,215992,11632.6,24.8
2021-02-22,65 to 79,86239,9259.2,22.23
2021-02-22,over 80,31289,9276.7,25.46
2021-02-23,0 to 4,22082,4199.0,7.62
2021-02-23,5 to 11,53524,6284.2,10.98
2021-02-23,12 to 17,67070,9323.3,17.6
2021-02-23,18 to 29,265248,15571.5,26.3
2021-02-23,30 to 49,372857,13680.6,24.9
2021-02-23,50 to 64,216411,11655.1,23.84
2021-02-23,65 to 79,86410,9277.5,21.29
2021-02-23,over 80,31335,9290.3,24.44
2021-02-24,0 to 4,22118,4205.8,7.36
2021-02-24,5 to 11,53601,6293.2,10.35
2021-02-24,12 to 17,67164,9336.4,16.62
2021-02-24,18 to 29,265694,15597.7,25.57
2021-02-24,30 to 49,373548,13705.9,24.4
2021-02-24,50 to 64,216829,11677.6,23.24
2021-02-24,65 to 79,86559,9293.5,20.41
2021-02-24,over 80,31396,9308.4,23.1
2021-02-25,0 to 4,22151,4212.1,7.04
2021-02-25,5 to 11,53671,6301.4,9.74
2021-02-25,12 to 17,67264,9350.3,15.8
2021-02-25,18 to 29,266075,15620.0,24.52
2021-02-25,30 to 49,374207,13730.1,23.53
2021-02-25,50 to 64,217265,11701.1,22.24
2021-02-25,65 to 79,86715,9310.3,19.14
2021-02-25,over 80,31466,9329.2,22.0
2021-02-26,0 to 4,22186,4218.7,6.83
2021-02-26,5 to 11,53738,6309.3,9.18
2021-02-26,12 to 17,67359,9363.5,15.07
2021-02-26,18 to 29,266451,15642.1,23.56
2021-02-26,30 to 49,374790,13751.5,22.59
2021-02-26,50 to 64,217630,11720.8,21.25
2021-02-26,65 to 79,86857,9325.5,17.87
2021-02-26,over 80,31513,9343.1,19.99
2021-02-27,0 to 4,22217,4224.6,6.4
2021-02-27,5 to 11,53804,6317.1,8.61
2021-02-27,12 to 17,67458,9377.3,14.0
2021-02-27,18 to 29,266765,15660.5,22.22
2021-02-27,30 to 49,375303,13770.3,21.62
2021-02-27,50 to 64,217955,11738.3,20.36
2021-02-27,65 to 79,86972,9337.9,16.77
2021-02-27,over 80,31556,9355.9,18.93
2021-02-28,0 to 4,22243,4229.6,6.19
2021-02-28,5 to 11,53854,6322.9,8.17
2021-02-28,12 to 17,67512,9384.8,13.52
2021-02-28,18 to 29,266989,15673.7,21.66
2021-02-28,30 to 49,375629,13782.3,21.16
2021-02-28,50 to 64,218164,11749.5,19.81
2021-02-28,65 to 79,87044,9345.6,16.27
2021-02-28,over 80,31583,9363.9,18.32
2021-03-01,0 to 4,22261,4233.0,5.94
2021-03-01,5 to 11,53916,6330.2,7.87
2021-03-01,12 to 17,67563,9391.9,12.66
2021-03-01,18 to 29,267193,15685.7,20.99
2021-03-01,30 to 49,375936,13793.5,20.42
2021-03-01,50 to 64,218375,11760.9,19.23
2021-03-01,65 to 79,87130,9354.8,15.71
2021-03-01,over 80,31613,9372.8,17.89
2021-03-02,0 to 4,22280,4236.6,5.79
2021-03-02,5 to 11,53960,6335.4,7.91
2021-03-02,12 to 17,67630,9401.2,12.66
2021-03-02,18 to 29,267465,15701.6,21.13
2021-03-02,30 to 49,376398,13810.5,20.63
2021-03-02,50 to 64,218643,11775.3,19.27
2021-03-02,65 to 79,87262,9369.0,15.85
2021-03-02,over 80,31640,9380.8,17.43
2021-03-03,0 to 4,22305,4241.4,5.79
2021-03-03,5 to 11,54014,6341.7,7.79
2021-03-03,12 to 17,67711,9412.4,12.59
2021-03-03,18 to 29,267823,15722.6,20.67
2021-03-03,30 to 49,376911,13829.3,20.28
2021-03-03,50 to 64,218976,11793.3,18.93
2021-03-03,65 to 79,87410,9384.9,15.74
2021-03-03,over 80,31703,9399.4,16.81
2021-03-04,0 to 4,22346,4249.2,5.64
2021-03-04,5 to 11,54100,6351.8,7.63
2021-03-04,12 to 17,67815,9426.9,12.18
2021-03-04,18 to 29,268261,15748.3,20.42
2021-03-04,30 to 49,377577,13853.7,19.94
2021-03-04,50 to 64,219430,11817.7,18.59
2021-03-04,65 to 79,87593,9404.6,15.36
2021-03-04,over 80,31804,9429.4,17.03
2021-03-05,0 to 4,22377,4255.0,5.51
2021-03-05,5 to 11,54174,6360.5,7.49
2021-03-05,12 to 17,67915,9440.8,11.79
2021-03-05,18 to 29,268680,15772.9,20.24
2021-03-05,30 to 49,378216,13877.2,19.66
2021-03-05,50 to 64,219858,11840.8,18.35
2021-03-05,65 to 79,87766,9423.1,15.02
2021-03-05,over 80,31870,9449.0,15.84
2021-03-06,0 to 4,22415,4262.3,5.57
2021-03-06,5 to 11,54238,6368.0,7.35
2021-03-06,12 to 17,67984,9450.4,11.52
2021-03-06,18 to 29,269045,15794.4,19.73
2021-03-06,30 to 49,378807,13898.9,19.21
2021-03-06,50 to 64,220233,11861.0,18.02
2021-03-06,65 to 79,87927,9440.4,14.44
2021-03-06,over 80,31947,9471.8,15.73
2021-03-07,0 to 4,22433,4265.7,5.42
2021-03-07,5 to 11,54284,6373.4,7.3
2021-03-07,12 to 17,68054,9460.1,11.27
2021-03-07,18 to 29,269331,15811.2,19.72
2021-03-07,30 to 49,379274,13916.0,19.24
2021-03-07,50 to 64,220498,11875.2,18.1
2021-03-07,65 to 79,88032,9451.7,14.35
2021-03-07,over 80,31971,9478.9,15.01
2021-03-08,0 to 4,22451,4269.1,5.39
2021-03-08,5 to 11,54316,6377.2,7.29
2021-03-08,12 to 17,68102,9466.8,11.14
2021-03-08,18 to 29,269533,15823.0,19.81
2021-03-08,30 to 49,379577,13927.1,19.25
2021-03-08,50 to 64,220661,11884.0,17.96
2021-03-08,65 to 79,88104,9459.4,14.3
2021-03-08,over 80,31995,9486.0,14.95
2021-03-09,0 to 4,22479,4274.4,5.39
2021-03-09,5 to 11,54355,6381.7,6.97
2021-03-09,12 to 17,68157,9474.4,10.79
2021-03-09,18 to 29,269808,15839.2,19.12
2021-03-09,30 to 49,379974,13941.7,18.65
2021-03-09,50 to 64,220918,11897.9,17.34
2021-03-09,65 to 79,88213,9471.1,13.83
2021-03-09,over 80,32049,9502.0,15.12
2021-03-10,0 to 4,22500,4278.4,5.19
2021-03-10,5 to 11,54406,6387.7,6.75
2021-03-10,12 to 17,68238,9485.7,10.66
2021-03-10,18 to 29,270191,15861.7,18.86
2021-03-10,30 to 49,380455,13959.3,18.1
2021-03-10,50 to 64,221164,11911.1,16.68
2021-03-10,65 to 79,88290,9479.4,13.28
2021-03-10,over 80,32083,9512.1,14.55
