Date,Region,Cases,New cases,"New cases, 14-day avg",Cases per 100k,"New cases, 14-day avg per 100k"
2020-03-30,Antelope Valley,36,,,9.1,
2020-03-30,San Fernando,660,,,29.4,
2020-03-30,San Gabriel,116,,,6.4,
2020-03-30,Metro,294,,,24.7,
2020-03-30,West,324,,,48.6,
2020-03-30,South,89,,,8.5,
2020-03-30,East,139,,,10.5,
2020-03-30,South Bay,395,,,25.2,
2020-03-31,Antelope Valley,45,9,,11.3,
2020-03-31,San Fernando,777,117,,34.6,
2020-03-31,San Gabriel,157,41,,8.7,
2020-03-31,Metro,349,55,,29.3,
2020-03-31,West,373,49,,55.9,
2020-03-31,South,140,51,,13.3,
2020-03-31,East,185,46,,14.0,
2020-03-31,South Bay,481,86,,30.6,
2020-04-01,Antelope Valley,50,5,,12.6,
2020-04-01,San Fernando,889,112,,39.5,
2020-04-01,San Gabriel,205,48,,11.3,
2020-04-01,Metro,420,71,,35.2,
2020-04-01,West,420,47,,62.9,
2020-04-01,South,186,46,,17.7,
2020-04-01,East,249,64,,18.9,
2020-04-01,South Bay,557,76,,35.5,
2020-04-02,Antelope Valley,53,3,,13.3,
2020-04-02,San Fernando,1019,130,,45.3,
2020-04-02,San Gabriel,243,38,,13.4,
2020-04-02,Metro,474,54,,39.8,
2020-04-02,West,453,33,,67.9,
2020-04-02,South,228,42,,21.7,
2020-04-02,East,294,45,,22.3,
2020-04-02,South Bay,639,82,,40.7,
2020-04-03,Antelope Valley,65,12,,16.4,
2020-04-03,San Fernando,1161,142,,51.6,
2020-04-03,San Gabriel,277,34,,15.3,
2020-04-03,Metro,575,101,,48.2,
2020-04-03,West,504,51,,75.5,
2020-04-03,South,266,38,,25.3,
2020-04-03,East,329,35,,24.9,
2020-04-03,South Bay,744,105,,47.4,
2020-04-04,Antelope Valley,74,9,,18.6,
2020-04-04,San Fernando,1373,212,,61.1,
2020-04-04,San Gabriel,329,52,,18.1,
2020-04-04,Metro,652,77,,54.7,
2020-04-04,West,549,45,,82.3,
2020-04-04,South,317,51,,30.2,
2020-04-04,East,410,81,,31.0,
2020-04-04,South Bay,827,83,,52.7,
2020-04-05,Antelope Valley,88,14,,22.2,
2020-04-05,San Fernando,1549,176,,68.9,
2020-04-05,San Gabriel,412,83,,22.7,
2020-04-05,Metro,740,88,,62.1,
2020-04-05,West,591,42,,88.6,
2020-04-05,South,384,67,,36.5,
2020-04-05,East,504,94,,38.2,
2020-04-05,South Bay,917,90,,58.4,
2020-04-06,Antelope Valley,107,19,,26.9,
2020-04-06,San Fernando,1655,106,,73.6,
2020-04-06,San Gabriel,465,53,,25.6,
2020-04-06,Metro,804,64,,67.5,
2020-04-06,West,622,31,,93.2,
2020-04-06,South,422,38,,40.2,
2020-04-06,East,547,43,,41.4,
2020-04-06,South Bay,997,80,,63.5,
2020-04-07,Antelope Valley,117,10,,29.5,
2020-04-07,San Fernando,1813,158,,80.6,
2020-04-07,San Gabriel,517,52,,28.5,
2020-04-07,Metro,874,70,,73.3,
2020-04-07,West,657,35,,98.5,
2020-04-07,South,480,58,,45.7,
2020-04-07,East,621,74,,47.0,
2020-04-07,South Bay,1072,75,,68.3,
2020-04-08,Antelope Valley,138,21,,34.7,
2020-04-08,San Fernando,1953,140,,86.9,
2020-04-08,San Gabriel,550,33,,30.3,
2020-04-08,Metro,951,77,,79.8,
2020-04-08,West,689,32,,103.3,
2020-04-08,South,533,53,,50.7,
2020-04-08,East,682,61,,51.6,
2020-04-08,South Bay,1161,89,,74.0,
2020-04-09,Antelope Valley,156,18,,39.3,
2020-04-09,San Fernando,2083,130,,92.6,
2020-04-09,San Gabriel,616,66,,33.9,
2020-04-09,Metro,1029,78,,86.3,
2020-04-09,West,705,16,,105.7,
2020-04-09,South,582,49,,55.4,
2020-04-09,East,756,74,,57.2,
2020-04-09,South Bay,1256,95,,80.0,
2020-04-10,Antelope Valley,172,16,,43.3,
2020-04-10,San Fernando,2195,112,,97.6,
2020-04-10,San Gabriel,682,66,,37.6,
2020-04-10,Metro,1099,70,,92.2,
2020-04-10,West,737,32,,110.5,
2020-04-10,South,618,36,,58.8,
2020-04-10,East,824,68,,62.4,
2020-04-10,South Bay,1330,74,,84.7,
2020-04-11,Antelope Valley,182,10,,45.8,
2020-04-11,San Fernando,2306,111,,102.6,
2020-04-11,San Gabriel,740,58,,40.8,
2020-04-11,Metro,1166,67,,97.8,
2020-04-11,West,758,21,,113.6,
2020-04-11,South,666,48,,63.4,
2020-04-11,East,889,65,,67.3,
2020-04-11,South Bay,1408,78,,89.7,
2020-04-12,Antelope Valley,196,14,,49.3,
2020-04-12,San Fernando,2388,82,,106.2,
2020-04-12,San Gabriel,764,24,,42.1,
2020-04-12,Metro,1199,33,,100.6,
2020-04-12,West,766,8,,114.8,
2020-04-12,South,677,11,,64.4,
2020-04-12,East,911,22,,69.0,
2020-04-12,South Bay,1464,56,,93.3,
2020-04-13,Antelope Valley,197,1,11.5,49.6,2.89
2020-04-13,San Fernando,2459,71,128.5,109.4,5.72
2020-04-13,San Gabriel,787,23,47.9,43.4,2.64
2020-04-13,Metro,1237,38,67.4,103.8,5.65
2020-04-13,West,775,9,32.2,116.2,4.83
2020-04-13,South,707,30,44.1,67.3,4.2
2020-04-13,East,938,27,57.1,71.0,4.32
2020-04-13,South Bay,1498,34,78.8,95.4,5.02
2020-04-14,Antelope Valley,211,14,11.9,53.1,2.98
2020-04-14,San Fernando,2601,142,130.3,115.7,5.79
2020-04-14,San Gabriel,895,108,52.7,49.3,2.91
2020-04-14,Metro,1322,85,69.5,110.9,5.83
2020-04-14,West,803,28,30.7,120.4,4.6
2020-04-14,South,765,58,44.6,72.8,4.25
2020-04-14,East,1013,75,59.1,76.7,4.48
2020-04-14,South Bay,1559,61,77.0,99.3,4.91
2020-04-15,Antelope Valley,229,18,12.8,57.6,3.22
2020-04-15,San Fernando,2725,124,131.1,121.2,5.83
2020-04-15,San Gabriel,948,53,53.1,52.2,2.92
2020-04-15,Metro,1379,57,68.5,115.7,5.75
2020-04-15,West,817,14,28.4,122.4,4.25
2020-04-15,South,812,47,44.7,77.3,4.26
2020-04-15,East,1071,58,58.7,81.1,4.44
2020-04-15,South Bay,1626,67,76.4,103.6,4.86
2020-04-16,Antelope Valley,238,9,13.2,59.9,3.33
2020-04-16,San Fernando,2815,90,128.3,125.2,5.71
2020-04-16,San Gabriel,982,34,52.8,54.1,2.91
2020-04-16,Metro,1435,56,68.6,120.4,5.76
2020-04-16,West,830,13,26.9,124.4,4.04
2020-04-16,South,838,26,43.6,79.8,4.15
2020-04-16,East,1139,68,60.4,86.2,4.57
2020-04-16,South Bay,1684,58,74.6,107.3,4.76
2020-04-17,Antelope Valley,260,22,13.9,65.4,3.51
2020-04-17,San Fernando,2960,145,128.5,131.7,5.72
2020-04-17,San Gabriel,1053,71,55.4,58.0,3.05
2020-04-17,Metro,1498,63,65.9,125.7,5.53
2020-04-17,West,851,21,24.8,127.5,3.71
2020-04-17,South,895,57,44.9,85.2,4.28
2020-04-17,East,1210,71,62.9,91.6,4.76
2020-04-17,South Bay,1777,93,73.8,113.2,4.7
2020-04-18,Antelope Valley,289,29,15.4,72.7,3.87
2020-04-18,San Fernando,3117,157,124.6,138.6,5.54
2020-04-18,San Gabriel,1124,71,56.8,61.9,3.13
2020-04-18,Metro,1602,104,67.9,134.4,5.69
2020-04-18,West,875,24,23.3,131.1,3.49
2020-04-18,South,949,54,45.1,90.3,4.3
2020-04-18,East,1283,73,62.4,97.1,4.72
2020-04-18,South Bay,1866,89,74.2,118.9,4.73
2020-04-19,Antelope Valley,297,8,14.9,74.8,3.76
2020-04-19,San Fernando,3170,53,115.8,141.0,5.15
2020-04-19,San Gabriel,1153,29,52.9,63.5,2.92
2020-04-19,Metro,1648,46,64.9,138.3,5.44
2020-04-19,West,892,17,21.5,133.7,3.22
2020-04-19,South,974,25,42.1,92.7,4.01
2020-04-19,East,1324,41,58.6,100.2,4.43
2020-04-19,South Bay,1925,59,72.0,122.6,4.59
2020-04-20,Antelope Valley,356,59,17.8,89.6,4.48
2020-04-20,San Fernando,3500,330,131.8,155.7,5.86
2020-04-20,San Gabriel,1235,82,55.0,68.1,3.03
2020-04-20,Metro,1845,197,74.4,154.8,6.24
2020-04-20,West,964,72,24.4,144.5,3.66
2020-04-20,South,1127,153,50.4,107.3,4.79
2020-04-20,East,1508,184,68.6,114.2,5.2
2020-04-20,South Bay,2068,143,76.5,131.8,4.87
2020-04-21,Antelope Valley,469,113,25.1,118.1,6.33
2020-04-21,San Fernando,3920,420,150.5,174.4,6.69
2020-04-21,San Gabriel,1405,170,63.4,77.4,3.5
2020-04-21,Metro,2059,214,84.6,172.8,7.1
2020-04-21,West,1030,66,26.6,154.4,3.99
2020-04-21,South,1284,157,57.4,122.2,5.47
2020-04-21,East,1695,187,76.7,128.3,5.81
2020-04-21,South Bay,2258,190,84.7,143.9,5.4
2020-04-22,Antelope Valley,536,67,28.4,134.9,7.16
2020-04-22,San Fernando,4313,393,168.6,191.8,7.5
2020-04-22,San Gabriel,1573,168,73.1,86.7,4.03
2020-04-22,Metro,2224,165,90.9,186.6,7.63
2020-04-22,West,1061,31,26.6,159.0,3.98
2020-04-22,South,1437,153,64.6,136.8,6.15
2020-04-22,East,1838,143,82.6,139.1,6.25
2020-04-22,South Bay,2362,104,85.8,150.5,5.47
2020-04-23,Antelope Valley,586,50,30.7,147.5,7.73
2020-04-23,San Fernando,4583,270,178.6,203.8,7.94
2020-04-23,San Gabriel,1685,112,76.4,92.9,4.21
2020-04-23,Metro,2331,107,93.0,195.6,7.8
2020-04-23,West,1093,32,27.7,163.8,4.15
2020-04-23,South,1577,140,71.1,150.1,6.76
2020-04-23,East,1979,141,87.4,149.8,6.61
2020-04-23,South Bay,2473,111,86.9,157.6,5.54
2020-04-24,Antelope Valley,621,35,32.1,156.3,8.07
2020-04-24,San Fernando,4851,268,189.7,215.8,8.44
2020-04-24,San Gabriel,1797,112,79.6,99.0,4.39
2020-04-24,Metro,2448,117,96.4,205.4,8.09
2020-04-24,West,1116,23,27.1,167.3,4.06
2020-04-24,South,1702,125,77.4,162.0,7.37
2020-04-24,East,2086,107,90.1,157.9,6.82
2020-04-24,South Bay,2571,98,88.6,163.8,5.65
2020-04-25,Antelope Valley,672,51,35.0,169.2,8.81
2020-04-25,San Fernando,4994,143,192.0,222.1,8.54
2020-04-25,San Gabriel,1882,85,81.6,103.7,4.5
2020-04-25,Metro,2517,69,96.5,211.2,8.1
2020-04-25,West,1135,19,26.9,170.1,4.04
2020-04-25,South,1765,63,78.5,168.0,7.47
2020-04-25,East,2157,71,90.6,163.3,6.86
2020-04-25,South Bay,2667,96,89.9,169.9,5.73
2020-04-26,Antelope Valley,687,15,35.1,172.9,8.83
2020-04-26,San Fernando,5102,108,193.9,226.9,8.62
2020-04-26,San Gabriel,1913,31,82.1,105.4,4.52
2020-04-26,Metro,2581,64,98.7,216.6,8.28
2020-04-26,West,1149,14,27.4,172.2,4.1
2020-04-26,South,1804,39,80.5,171.7,7.66
2020-04-26,East,2208,51,92.6,167.2,7.01
2020-04-26,South Bay,2722,55,89.9,173.4,5.72
2020-04-27,Antelope Valley,733,46,38.3,184.5,9.64
2020-04-27,San Fernando,5389,287,209.3,239.7,9.31
2020-04-27,San Gabriel,2022,109,88.2,111.4,4.86
2020-04-27,Metro,2687,106,103.6,225.5,8.69
2020-04-27,West,1169,20,28.1,175.2,4.22
2020-04-27,South,1912,108,86.1,182.0,8.19
2020-04-27,East,2287,79,96.4,173.1,7.29
2020-04-27,South Bay,2819,97,94.4,179.6,6.01
2020-04-28,Antelope Valley,742,9,37.9,186.8,9.55
2020-04-28,San Fernando,5539,150,209.9,246.4,9.33
2020-04-28,San Gabriel,2125,103,87.9,117.1,4.84
2020-04-28,Metro,2763,76,102.9,231.8,8.64
2020-04-28,West,1190,21,27.6,178.4,4.14
2020-04-28,South,1984,72,87.1,188.8,8.29
2020-04-28,East,2369,82,96.9,179.3,7.33
2020-04-28,South Bay,2887,68,94.9,183.9,6.04
2020-04-29,Antelope Valley,777,35,39.1,195.6,9.85
2020-04-29,San Fernando,5912,373,227.6,263.0,10.13
2020-04-29,San Gabriel,2258,133,93.6,124.4,5.16
2020-04-29,Metro,2909,146,109.3,244.1,9.17
2020-04-29,West,1222,32,28.9,183.1,4.34
2020-04-29,South,2110,126,92.7,200.8,8.82
2020-04-29,East,2478,109,100.5,187.6,7.61
2020-04-29,South Bay,3107,220,105.8,198.0,6.74
2020-04-30,Antelope Valley,797,20,39.9,200.6,10.05
2020-04-30,San Fernando,6095,183,234.3,271.1,10.42
2020-04-30,San Gabriel,2321,63,95.6,127.9,5.27
2020-04-30,Metro,3017,108,113.0,253.2,9.48
2020-04-30,West,1239,17,29.2,185.7,4.38
2020-04-30,South,2181,71,95.9,207.6,9.13
2020-04-30,East,2589,111,103.6,196.0,7.84
2020-04-30,South Bay,3344,237,118.6,213.1,7.55
2020-05-01,Antelope Valley,831,34,40.8,209.2,10.27
2020-05-01,San Fernando,6431,336,247.9,286.0,11.03
2020-05-01,San Gabriel,2404,83,96.5,132.5,5.32
2020-05-01,Metro,3191,174,120.9,267.8,10.15
2020-05-01,West,1288,49,31.2,193.0,4.68
2020-05-01,South,2301,120,100.4,219.0,9.56
2020-05-01,East,2721,132,107.9,206.0,8.17
2020-05-01,South Bay,3568,224,127.9,227.3,8.15
2020-05-02,Antelope Valley,842,11,39.5,211.9,9.94
2020-05-02,San Fernando,6605,174,249.1,293.8,11.08
2020-05-02,San Gabriel,2470,66,96.1,136.1,5.3
2020-05-02,Metro,3286,95,120.3,275.7,10.09
2020-05-02,West,1324,36,32.1,198.4,4.81
2020-05-02,South,2369,68,101.4,225.5,9.65
2020-05-02,East,2808,87,108.9,212.6,8.25
2020-05-02,South Bay,3700,132,131.0,235.7,8.35
2020-05-03,Antelope Valley,875,33,41.3,220.3,10.39
2020-05-03,San Fernando,6818,213,260.6,303.2,11.59
2020-05-03,San Gabriel,2546,76,99.5,140.3,5.48
2020-05-03,Metro,3393,107,124.6,284.7,10.46
2020-05-03,West,1349,25,32.6,202.2,4.89
2020-05-03,South,2442,73,104.9,232.4,9.98
2020-05-03,East,2858,50,109.6,216.4,8.29
2020-05-03,South Bay,3805,105,134.3,242.4,8.56
2020-05-04,Antelope Valley,886,11,37.9,223.0,9.53
2020-05-04,San Fernando,6962,144,247.3,309.7,11.0
2020-05-04,San Gabriel,2610,64,98.2,143.8,5.41
2020-05-04,Metro,3458,65,115.2,290.2,9.67
2020-05-04,West,1369,20,28.9,205.2,4.34
2020-05-04,South,2481,39,96.7,236.1,9.2
2020-05-04,East,2908,50,100.0,220.1,7.57
2020-05-04,South Bay,3862,57,128.1,246.1,8.16
2020-05-05,Antelope Valley,930,44,32.9,234.1,8.29
2020-05-05,San Fernando,7522,560,257.3,334.6,11.44
2020-05-05,San Gabriel,2757,147,96.6,151.9,5.32
2020-05-05,Metro,3686,228,116.2,309.3,9.75
2020-05-05,West,1412,43,27.3,211.6,4.09
2020-05-05,South,2702,221,101.3,257.2,9.64
2020-05-05,East,3090,182,99.6,233.9,7.54
2020-05-05,South Bay,4019,157,125.8,256.1,8.01
2020-05-06,Antelope Valley,961,31,30.4,241.9,7.64
2020-05-06,San Fernando,7716,194,243.1,343.2,10.81
2020-05-06,San Gabriel,2867,110,92.4,158.0,5.09
2020-05-06,Metro,3821,135,114.1,320.6,9.57
2020-05-06,West,1439,27,27.0,215.7,4.05
2020-05-06,South,2818,116,98.6,268.2,9.39
2020-05-06,East,3188,98,96.4,241.3,7.3
2020-05-06,South Bay,4147,128,127.5,264.2,8.12
2020-05-07,Antelope Valley,985,24,28.5,247.9,7.17
2020-05-07,San Fernando,7924,208,238.6,352.4,10.61
2020-05-07,San Gabriel,2996,129,93.6,165.1,5.16
2020-05-07,Metro,3933,112,114.4,330.0,9.6
2020-05-07,West,1468,29,26.8,220.0,4.01
2020-05-07,South,2908,90,95.1,276.8,9.05
2020-05-07,East,3284,96,93.2,248.6,7.06
2020-05-07,South Bay,4211,64,124.1,268.3,7.91
2020-05-08,Antelope Valley,998,13,26.9,251.2,6.78
2020-05-08,San Fernando,8205,281,239.6,364.9,10.66
2020-05-08,San Gabriel,3084,88,91.9,170.0,5.07
2020-05-08,Metro,4062,129,115.3,340.8,9.67
2020-05-08,West,1490,22,26.7,223.3,4.0
2020-05-08,South,2964,56,90.1,282.1,8.58
2020-05-08,East,3412,128,94.7,258.3,7.17
2020-05-08,South Bay,4326,115,125.4,275.6,7.99
2020-05-09,Antelope Valley,1020,22,24.9,256.8,6.26
2020-05-09,San Fernando,8461,256,247.6,376.3,11.01
2020-05-09,San Gabriel,3228,144,96.1,177.9,5.3
2020-05-09,Metro,4173,111,118.3,350.2,9.93
2020-05-09,West,1517,27,27.3,227.4,4.09
2020-05-09,South,3063,99,92.7,291.5,8.82
2020-05-09,East,3515,103,97.0,266.1,7.34
2020-05-09,South Bay,4449,123,127.3,283.5,8.11
2020-05-10,Antelope Valley,1026,6,24.2,258.3,6.1
2020-05-10,San Fernando,8539,78,245.5,379.8,10.92
2020-05-10,San Gabriel,3296,68,98.8,181.7,5.44
2020-05-10,Metro,4245,72,118.9,356.2,9.97
2020-05-10,West,1545,28,28.3,231.6,4.24
2020-05-10,South,3117,54,93.8,296.7,8.93
2020-05-10,East,3557,42,96.4,269.3,7.29
2020-05-10,South Bay,4534,85,129.4,288.9,8.25
2020-05-11,Antelope Valley,1042,16,22.1,262.3,5.56
2020-05-11,San Fernando,8732,193,238.8,388.4,10.62
2020-05-11,San Gabriel,3388,92,97.6,186.7,5.38
2020-05-11,Metro,4323,78,116.9,362.7,9.81
2020-05-11,West,1560,15,27.9,233.8,4.19
2020-05-11,South,3184,67,90.9,303.0,8.65
2020-05-11,East,3605,48,94.1,272.9,7.13
2020-05-11,South Bay,4610,76,127.9,293.7,8.15
2020-05-12,Antelope Valley,1052,10,22.1,264.8,5.57
2020-05-12,San Fernando,9031,299,249.4,401.7,11.09
2020-05-12,San Gabriel,3513,125,99.1,193.6,5.46
2020-05-12,Metro,4493,170,123.6,377.0,10.37
2020-05-12,West,1576,16,27.6,236.2,4.13
2020-05-12,South,3302,118,94.1,314.3,8.96
2020-05-12,East,3763,158,99.6,284.9,7.54
2020-05-12,South Bay,4704,94,129.8,299.7,8.27
2020-05-13,Antelope Valley,1094,42,22.6,275.4,5.7
2020-05-13,San Fernando,9331,300,244.2,415.0,10.86
2020-05-13,San Gabriel,3717,204,104.2,204.9,5.74
2020-05-13,Metro,4661,168,125.1,391.1,10.5
2020-05-13,West,1611,35,27.8,241.4,4.16
2020-05-13,South,3457,155,96.2,329.0,9.16
2020-05-13,East,3998,235,108.6,302.7,8.22
2020-05-13,South Bay,4831,127,123.1,307.8,7.85
2020-05-14,Antelope Valley,1115,21,22.7,280.7,5.72
2020-05-14,San Fernando,9617,286,251.6,427.7,11.19
2020-05-14,San Gabriel,3817,100,106.9,210.4,5.89
2020-05-14,Metro,4778,117,125.8,400.9,10.55
2020-05-14,West,1633,22,28.1,244.7,4.22
2020-05-14,South,3548,91,97.6,337.7,9.29
2020-05-14,East,4102,104,108.1,310.5,8.18
2020-05-14,South Bay,5013,182,119.2,319.4,7.6
2020-05-15,Antelope Valley,1130,15,21.4,284.4,5.38
2020-05-15,San Fernando,9847,230,244.0,438.0,10.85
2020-05-15,San Gabriel,3944,127,110.0,217.4,6.06
2020-05-15,Metro,4880,102,120.6,409.5,10.12
2020-05-15,West,1665,32,26.9,249.5,4.04
2020-05-15,South,3658,110,96.9,348.1,9.23
2020-05-15,East,4233,131,108.0,320.5,8.18
2020-05-15,South Bay,5144,131,112.6,327.7,7.17
2020-05-16,Antelope Valley,1158,28,22.6,291.5,5.68
2020-05-16,San Fernando,10102,255,249.8,449.3,11.11
2020-05-16,San Gabriel,4060,116,113.6,223.8,6.26
2020-05-16,Metro,5063,183,126.9,424.8,10.65
2020-05-16,West,1687,22,25.9,252.8,3.89
2020-05-16,South,3812,154,103.1,362.8,9.81
2020-05-16,East,4397,164,113.5,332.9,8.59
2020-05-16,South Bay,5273,129,112.4,336.0,7.16
2020-05-17,Antelope Valley,1177,19,21.6,296.3,5.43
2020-05-17,San Fernando,10272,170,246.7,456.9,10.97
2020-05-17,San Gabriel,4124,64,112.7,227.3,6.21
2020-05-17,Metro,5133,70,124.3,430.7,10.43
2020-05-17,West,1713,26,26.0,256.7,3.9
2020-05-17,South,3921,109,105.6,373.2,10.05
2020-05-17,East,4478,81,115.7,339.0,8.76
2020-05-17,South Bay,5397,124,113.7,343.9,7.24
2020-05-18,Antelope Valley,1198,21,22.3,301.6,5.61
2020-05-18,San Fernando,10395,123,245.2,462.3,10.91
2020-05-18,San Gabriel,4170,46,111.4,229.8,6.14
2020-05-18,Metro,5181,48,123.1,434.7,10.33
2020-05-18,West,1724,11,25.4,258.4,3.8
2020-05-18,South,3998,77,108.4,380.5,10.31
2020-05-18,East,4584,106,119.7,347.0,9.06
2020-05-18,South Bay,5460,63,114.1,347.9,7.27
2020-05-19,Antelope Valley,1216,18,20.4,306.1,5.14
2020-05-19,San Fernando,10582,187,218.6,470.7,9.72
2020-05-19,San Gabriel,4301,131,110.3,237.0,6.08
2020-05-19,Metro,5355,174,119.2,449.3,10.0
2020-05-19,West,1748,24,24.0,262.0,3.6
2020-05-19,South,4152,154,103.6,395.2,9.86
2020-05-19,East,4813,229,123.1,364.4,9.32
2020-05-19,South Bay,5535,75,108.3,352.6,6.9
2020-05-20,Antelope Valley,1229,13,19.1,309.4,4.82
2020-05-20,San Fernando,10781,199,218.9,479.5,9.74
2020-05-20,San Gabriel,4471,170,114.6,246.4,6.31
2020-05-20,Metro,5544,189,123.1,465.2,10.33
2020-05-20,West,1762,14,23.1,264.1,3.46
2020-05-20,South,4309,157,106.5,410.1,10.14
2020-05-20,East,5177,364,142.1,391.9,10.76
2020-05-20,South Bay,5675,140,109.1,361.6,6.95
2020-05-21,Antelope Valley,1254,25,19.2,315.7,4.84
2020-05-21,San Fernando,10986,205,218.7,488.6,9.73
2020-05-21,San Gabriel,4603,132,114.8,253.7,6.33
2020-05-21,Metro,5682,138,124.9,476.8,10.48
2020-05-21,West,1780,18,22.3,266.8,3.34
2020-05-21,South,4443,134,109.6,422.9,10.44
2020-05-21,East,5364,187,148.6,406.1,11.25
2020-05-21,South Bay,5791,116,112.9,369.0,7.19
2020-05-22,Antelope Valley,1267,13,19.2,318.9,4.84
2020-05-22,San Fernando,11186,200,212.9,497.5,9.47
2020-05-22,San Gabriel,4818,215,123.9,265.5,6.83
2020-05-22,Metro,5800,118,124.1,486.7,10.42
2020-05-22,West,1798,18,22.0,269.5,3.3
2020-05-22,South,4627,184,118.8,440.4,11.31
2020-05-22,East,5544,180,152.3,419.7,11.53
2020-05-22,South Bay,5948,157,115.9,379.0,7.38
2020-05-23,Antelope Valley,1307,40,20.5,329.0,5.16
2020-05-23,San Fernando,11474,288,215.2,510.3,9.57
2020-05-23,San Gabriel,4977,159,124.9,274.3,6.89
2020-05-23,Metro,5934,134,125.8,497.9,10.55
2020-05-23,West,1815,17,21.3,272.0,3.19
2020-05-23,South,4782,155,122.8,455.1,11.69
2020-05-23,East,5710,166,156.8,432.3,11.87
2020-05-23,South Bay,6055,107,114.7,385.8,7.31
2020-05-24,Antelope Valley,1328,21,21.6,334.3,5.43
2020-05-24,San Fernando,11680,206,224.4,519.5,9.98
2020-05-24,San Gabriel,5097,120,128.6,280.9,7.09
2020-05-24,Metro,6044,110,128.5,507.1,10.78
2020-05-24,West,1836,21,20.8,275.2,3.12
2020-05-24,South,4921,139,128.9,468.4,12.26
2020-05-24,East,5907,197,167.9,447.2,12.71
2020-05-24,South Bay,6148,93,115.3,391.7,7.35
2020-05-25,Antelope Valley,1355,27,22.4,341.1,5.63
2020-05-25,San Fernando,11895,215,225.9,529.1,10.05
2020-05-25,San Gabriel,5217,120,130.6,287.5,7.2
2020-05-25,Metro,6213,169,135.0,521.3,11.33
2020-05-25,West,1858,22,21.3,278.5,3.19
2020-05-25,South,5091,170,136.2,484.5,12.96
2020-05-25,East,6057,150,175.1,458.5,13.26
2020-05-25,South Bay,6296,148,120.4,401.1,7.67
2020-05-26,Antelope Valley,1389,34,24.1,349.6,6.06
2020-05-26,San Fernando,12171,276,224.3,541.3,9.98
2020-05-26,San Gabriel,5458,241,138.9,300.8,7.66
2020-05-26,Metro,6467,254,141.0,542.6,11.83
2020-05-26,West,1881,23,21.8,281.9,3.27
2020-05-26,South,5379,288,148.4,511.9,14.12
2020-05-26,East,6609,552,203.3,500.3,15.39
2020-05-26,South Bay,6414,118,122.1,408.6,7.78
2020-05-27,Antelope Valley,1405,16,22.2,353.7,5.59
2020-05-27,San Fernando,12398,227,219.1,551.4,9.74
2020-05-27,San Gabriel,5592,134,133.9,308.2,7.38
2020-05-27,Metro,6608,141,139.1,554.5,11.67
2020-05-27,West,1905,24,21.0,285.5,3.15
2020-05-27,South,5545,166,149.1,527.7,14.19
2020-05-27,East,6716,107,194.1,508.4,14.7
2020-05-27,South Bay,6527,113,121.1,415.8,7.72
2020-05-28,Antelope Valley,1424,19,22.1,358.4,5.56
2020-05-28,San Fernando,12675,277,218.4,563.8,9.72
2020-05-28,San Gabriel,5728,136,136.5,315.7,7.52
2020-05-28,Metro,6716,108,138.4,563.5,11.62
2020-05-28,West,1945,40,22.3,291.5,3.34
2020-05-28,South,5745,200,156.9,546.8,14.94
2020-05-28,East,6855,139,196.6,518.9,14.89
2020-05-28,South Bay,6673,146,118.6,425.2,7.55
2020-05-29,Antelope Valley,1477,53,24.8,371.8,6.24
2020-05-29,San Fernando,13003,328,225.4,578.3,10.03
2020-05-29,San Gabriel,5927,199,141.6,326.7,7.81
2020-05-29,Metro,6903,187,144.5,579.2,12.12
2020-05-29,West,1981,36,22.6,296.9,3.38
2020-05-29,South,5989,244,166.5,570.0,15.85
2020-05-29,East,7390,535,225.5,559.4,17.07
2020-05-29,South Bay,6856,183,122.3,436.8,7.79
2020-05-30,Antelope Valley,1507,30,24.9,379.3,6.27
2020-05-30,San Fernando,13448,445,239.0,598.1,10.63
2020-05-30,San Gabriel,6161,234,150.1,339.6,8.27
2020-05-30,Metro,7167,264,150.3,601.4,12.61
2020-05-30,West,2016,35,23.5,302.1,3.52
2020-05-30,South,6275,286,175.9,597.2,16.74
2020-05-30,East,7926,536,252.1,600.0,19.08
2020-05-30,South Bay,7101,245,130.6,452.4,8.32
2020-05-31,Antelope Valley,1549,42,26.6,389.9,6.69
2020-05-31,San Fernando,13808,360,252.6,614.1,11.23
2020-05-31,San Gabriel,6300,139,155.4,347.2,8.57
2020-05-31,Metro,7374,207,160.1,618.7,13.43
2020-05-31,West,2041,25,23.4,305.9,3.51
2020-05-31,South,6472,197,182.2,616.0,17.34
2020-05-31,East,8081,155,257.4,611.8,19.48
2020-05-31,South Bay,7286,185,134.9,464.2,8.6
2020-06-01,Antelope Valley,1572,23,26.7,395.7,6.72
2020-06-01,San Fernando,14058,250,261.6,625.3,11.64
2020-06-01,San Gabriel,6420,120,160.7,353.8,8.86
2020-06-01,Metro,7457,83,162.6,625.7,13.64
2020-06-01,West,2060,19,24.0,308.7,3.6
2020-06-01,South,6644,172,189.0,632.3,17.99
2020-06-01,East,8229,148,260.4,623.0,19.71
2020-06-01,South Bay,7371,85,136.5,469.6,8.7
2020-06-02,Antelope Valley,1597,25,27.2,402.0,6.85
2020-06-02,San Fernando,14408,350,273.3,640.8,12.16
2020-06-02,San Gabriel,6556,136,161.1,361.3,8.88
2020-06-02,Metro,7583,126,159.1,636.3,13.35
2020-06-02,West,2088,28,24.3,312.9,3.64
2020-06-02,South,6848,204,192.6,651.8,18.33
2020-06-02,East,8394,165,255.8,635.5,19.36
2020-06-02,South Bay,7536,165,142.9,480.1,9.11
2020-06-03,Antelope Valley,1620,23,27.9,407.8,7.03
2020-06-03,San Fernando,14665,257,277.4,652.3,12.34
2020-06-03,San Gabriel,6726,170,161.1,370.7,8.88
2020-06-03,Metro,7679,96,152.5,644.3,12.8
2020-06-03,West,2117,29,25.4,317.3,3.8
2020-06-03,South,7024,176,193.9,668.5,18.46
2020-06-03,East,8572,178,242.5,648.9,18.36
2020-06-03,South Bay,7731,195,146.9,492.6,9.36
2020-06-04,Antelope Valley,1645,25,27.9,414.1,7.03
2020-06-04,San Fernando,14988,323,285.9,666.6,12.71
2020-06-04,San Gabriel,6980,254,169.8,384.7,9.36
2020-06-04,Metro,7873,194,156.5,660.6,13.13
2020-06-04,West,2140,23,25.7,320.7,3.85
2020-06-04,South,7196,172,196.6,684.9,18.72
2020-06-04,East,8908,336,253.1,674.4,19.16
2020-06-04,South Bay,7855,124,147.4,500.5,9.39
2020-06-05,Antelope Valley,1663,18,28.3,418.6,7.12
2020-06-05,San Fernando,15288,300,293.0,680.0,13.03
2020-06-05,San Gabriel,7129,149,165.1,392.9,9.1
2020-06-05,Metro,8163,290,168.8,684.9,14.16
2020-06-05,West,2181,41,27.4,326.9,4.1
2020-06-05,South,7397,201,197.9,704.0,18.83
2020-06-05,East,9206,298,261.6,696.9,19.8
2020-06-05,South Bay,7971,116,144.5,507.8,9.21
2020-06-06,Antelope Valley,1683,20,26.9,423.6,6.76
2020-06-06,San Fernando,15526,238,289.4,690.6,12.87
2020-06-06,San Gabriel,7305,176,166.3,402.6,9.16
2020-06-06,Metro,8445,282,179.4,708.6,15.05
2020-06-06,West,2198,17,27.4,329.4,4.1
2020-06-06,South,7615,218,202.4,724.8,19.26
2020-06-06,East,9434,228,266.0,714.2,20.14
2020-06-06,South Bay,8095,124,145.7,515.7,9.28
2020-06-07,Antelope Valley,1694,11,26.1,426.4,6.58
2020-06-07,San Fernando,15874,348,299.6,706.0,13.32
2020-06-07,San Gabriel,7490,185,170.9,412.8,9.42
2020-06-07,Metro,8698,253,189.6,729.8,15.91
2020-06-07,West,2234,36,28.4,334.8,4.26
2020-06-07,South,7885,270,211.7,750.5,20.15
2020-06-07,East,9646,212,267.1,730.2,20.22
2020-06-07,South Bay,8273,178,151.8,527.1,9.67
2020-06-08,Antelope Valley,1714,20,25.6,431.4,6.45
2020-06-08,San Fernando,16090,216,299.6,715.6,13.33
2020-06-08,San Gabriel,7599,109,170.1,418.8,9.38
2020-06-08,Metro,8804,106,185.1,738.7,15.53
2020-06-08,West,2250,16,28.0,337.2,4.2
2020-06-08,South,8013,128,208.7,762.6,19.86
2020-06-08,East,9780,134,265.9,740.4,20.13
2020-06-08,South Bay,8348,75,146.6,531.9,9.34
2020-06-09,Antelope Valley,1745,31,25.4,439.2,6.4
2020-06-09,San Fernando,16335,245,297.4,726.5,13.23
2020-06-09,San Gabriel,7736,137,162.7,426.4,8.97
2020-06-09,Metro,8904,100,174.1,747.1,14.61
2020-06-09,West,2270,20,27.8,340.2,4.16
2020-06-09,South,8213,200,202.4,781.7,19.27
2020-06-09,East,10063,283,246.7,761.8,18.68
2020-06-09,South Bay,8463,115,146.4,539.2,9.32
2020-06-10,Antelope Valley,1765,20,25.7,444.3,6.47
2020-06-10,San Fernando,16625,290,301.9,739.4,13.43
2020-06-10,San Gabriel,7905,169,165.2,435.7,9.11
2020-06-10,Metro,8925,21,165.5,748.9,13.89
2020-06-10,West,2299,29,28.1,344.6,4.22
2020-06-10,South,8420,207,205.4,801.4,19.54
2020-06-10,East,10368,305,260.9,784.9,19.75
2020-06-10,South Bay,8700,237,155.2,554.3,9.89
2020-06-11,Antelope Valley,1802,37,27.0,453.6,6.8
2020-06-11,San Fernando,17206,581,323.6,765.3,14.39
2020-06-11,San Gabriel,8145,240,172.6,448.9,9.51
2020-06-11,Metro,9100,175,170.3,763.6,14.29
2020-06-11,West,2336,37,27.9,350.1,4.19
2020-06-11,South,8700,280,211.1,828.0,20.09
2020-06-11,East,10732,364,276.9,812.4,20.96
2020-06-11,South Bay,8894,194,158.6,566.7,10.11
2020-06-12,Antelope Valley,1836,34,25.6,462.2,6.45
2020-06-12,San Fernando,17509,303,321.9,778.8,14.32
2020-06-12,San Gabriel,8415,270,177.7,463.8,9.79
2020-06-12,Metro,9201,101,164.1,772.0,13.77
2020-06-12,West,2377,41,28.3,356.3,4.24
2020-06-12,South,8954,254,211.8,852.2,20.16
2020-06-12,East,11141,409,267.9,843.4,20.28
2020-06-12,South Bay,9075,181,158.5,578.2,10.1
2020-06-13,Antelope Valley,1876,40,26.4,472.2,6.63
2020-06-13,San Fernando,17770,261,308.7,790.4,13.73
2020-06-13,San Gabriel,8680,265,179.9,478.4,9.92
2020-06-13,Metro,9348,147,155.8,784.4,13.07
2020-06-13,West,2435,58,29.9,364.9,4.49
2020-06-13,South,9206,252,209.4,876.2,19.93
2020-06-13,East,11478,337,253.7,868.9,19.21
2020-06-13,South Bay,9269,194,154.9,590.5,9.87
2020-06-14,Antelope Valley,1907,31,25.6,480.0,6.44
2020-06-14,San Fernando,17965,195,296.9,799.0,13.21
2020-06-14,San Gabriel,8824,144,180.3,486.3,9.94
2020-06-14,Metro,9457,109,148.8,793.5,12.48
2020-06-14,West,2467,32,30.4,369.7,4.56
2020-06-14,South,9321,115,203.5,887.1,19.37
2020-06-14,East,11671,193,256.4,883.5,19.41
2020-06-14,South Bay,9411,142,151.8,599.6,9.67
2020-06-15,Antelope Valley,1950,43,27.0,490.8,6.8
2020-06-15,San Fernando,18075,110,286.9,803.9,12.76
2020-06-15,San Gabriel,8996,172,184.0,495.8,10.14
2020-06-15,Metro,9530,73,148.1,799.6,12.42
2020-06-15,West,2477,10,29.8,371.2,4.46
2020-06-15,South,9460,139,201.1,900.4,19.14
2020-06-15,East,11882,211,260.9,899.5,19.75
2020-06-15,South Bay,9487,76,151.1,604.4,9.63
2020-06-16,Antelope Valley,1976,26,27.1,497.4,6.81
2020-06-16,San Fernando,18294,219,277.6,813.7,12.35
2020-06-16,San Gabriel,9185,189,187.8,506.2,10.35
2020-06-16,Metro,9677,147,149.6,812.0,12.55
2020-06-16,West,2520,43,30.9,377.7,4.62
2020-06-16,South,9692,232,203.1,922.4,19.33
2020-06-16,East,12179,297,270.4,922.0,20.47
2020-06-16,South Bay,9619,132,148.8,612.8,9.48
2020-06-17,Antelope Valley,2023,47,28.8,509.2,7.25
2020-06-17,San Fernando,18669,375,286.0,830.4,12.72
2020-06-17,San Gabriel,9472,287,196.1,522.0,10.81
2020-06-17,Metro,10009,332,166.4,839.8,13.96
2020-06-17,West,2585,65,33.4,387.4,5.01
2020-06-17,South,10017,325,213.8,953.4,20.35
2020-06-17,East,12626,447,289.6,955.8,21.92
2020-06-17,South Bay,9846,227,151.1,627.3,9.63
2020-06-18,Antelope Valley,2050,27,28.9,516.0,7.28
2020-06-18,San Fernando,18904,235,279.7,840.8,12.44
2020-06-18,San Gabriel,9645,173,190.4,531.6,10.49
2020-06-18,Metro,10087,78,158.1,846.4,13.27
2020-06-18,West,2624,39,34.6,393.3,5.18
2020-06-18,South,10168,151,212.3,967.7,20.2
2020-06-18,East,12801,175,278.1,969.1,21.05
2020-06-18,South Bay,10008,162,153.8,637.6,9.8
2020-06-19,Antelope Valley,2082,32,29.9,524.1,7.53
2020-06-19,San Fernando,19173,269,277.5,852.8,12.34
2020-06-19,San Gabriel,9859,214,195.0,543.4,10.75
2020-06-19,Metro,10257,170,149.6,860.7,12.55
2020-06-19,West,2662,38,34.4,399.0,5.15
2020-06-19,South,10365,197,212.0,986.5,20.18
2020-06-19,East,13013,212,271.9,985.1,20.59
2020-06-19,South Bay,10220,212,160.6,651.1,10.23
2020-06-20,Antelope Valley,2122,40,31.4,534.1,7.89
2020-06-20,San Fernando,19524,351,285.6,868.4,12.7
2020-06-20,San Gabriel,10209,350,207.4,562.6,11.43
2020-06-20,Metro,10416,159,140.8,874.0,11.81
2020-06-20,West,2738,76,38.6,410.4,5.78
2020-06-20,South,10726,361,222.2,1020.8,21.15
2020-06-20,East,13478,465,288.9,1020.3,21.87
2020-06-20,South Bay,10429,209,166.7,664.5,10.62
2020-06-21,Antelope Valley,2148,26,32.4,540.7,8.16
2020-06-21,San Fernando,19749,225,276.8,878.4,12.31
2020-06-21,San Gabriel,10537,328,217.6,580.7,11.99
2020-06-21,Metro,10545,129,131.9,884.8,11.07
2020-06-21,West,2782,44,39.1,417.0,5.87
2020-06-21,South,11013,287,223.4,1048.2,21.26
2020-06-21,East,13867,389,301.5,1049.8,22.82
2020-06-21,South Bay,10622,193,167.8,676.8,10.69
2020-06-22,Antelope Valley,2194,46,34.3,552.3,8.63
2020-06-22,San Fernando,20129,380,288.5,895.3,12.83
2020-06-22,San Gabriel,11027,490,244.9,607.7,13.49
2020-06-22,Metro,10934,389,152.1,917.5,12.77
2020-06-22,West,2837,55,41.9,425.2,6.28
2020-06-22,South,10960,-53,210.5,1043.1,20.03
2020-06-22,East,14430,563,332.1,1092.4,25.14
2020-06-22,South Bay,10767,145,172.8,686.0,11.01
2020-06-23,Antelope Valley,2341,147,42.6,589.3,10.72
2020-06-23,San Fernando,20510,381,298.2,912.2,13.26
2020-06-23,San Gabriel,11522,495,270.4,635.0,14.9
2020-06-23,Metro,11134,200,159.3,934.2,13.37
2020-06-23,West,2907,70,45.5,435.7,6.82
2020-06-23,South,11707,747,249.6,1114.2,23.75
2020-06-23,East,14896,466,345.2,1127.7,26.13
2020-06-23,South Bay,11072,305,186.4,705.4,11.87
2020-06-24,Antelope Valley,2370,29,43.2,596.6,10.88
2020-06-24,San Fernando,20686,176,290.1,920.1,12.9
2020-06-24,San Gabriel,11710,188,271.8,645.4,14.98
2020-06-24,Metro,11235,101,165.0,942.7,13.84
2020-06-24,West,2945,38,46.1,441.4,6.92
2020-06-24,South,11870,163,246.4,1129.7,23.45
2020-06-24,East,15112,216,338.9,1144.0,25.65
2020-06-24,South Bay,11440,368,195.7,728.9,12.47
2020-06-25,Antelope Valley,2412,42,43.6,607.1,10.97
2020-06-25,San Fernando,21067,381,275.8,937.0,12.27
2020-06-25,San Gabriel,12053,343,279.1,664.3,15.38
2020-06-25,Metro,11466,231,169.0,962.1,14.18
2020-06-25,West,2996,51,47.1,449.0,7.07
2020-06-25,South,12102,232,243.0,1151.8,23.13
2020-06-25,East,15452,340,337.1,1169.8,25.52
2020-06-25,South Bay,11721,281,201.9,746.8,12.87
2020-06-26,Antelope Valley,2453,41,44.1,617.5,11.09
2020-06-26,San Fernando,21421,354,279.4,952.8,12.43
2020-06-26,San Gabriel,12343,290,280.6,680.3,15.46
2020-06-26,Metro,11632,166,173.6,976.0,14.57
2020-06-26,West,3047,51,47.9,456.7,7.17
2020-06-26,South,12395,293,245.8,1179.7,23.39
2020-06-26,East,15773,321,330.9,1194.1,25.05
2020-06-26,South Bay,11957,236,205.9,761.8,13.12
2020-06-27,Antelope Valley,2543,90,47.6,640.1,11.99
2020-06-27,San Fernando,21766,345,285.4,968.1,12.7
2020-06-27,San Gabriel,12703,360,287.4,700.1,15.84
2020-06-27,Metro,11833,201,177.5,992.9,14.89
2020-06-27,West,3130,83,49.6,469.1,7.44
2020-06-27,South,12617,222,243.6,1200.8,23.19
2020-06-27,East,16208,435,337.9,1227.0,25.58
2020-06-27,South Bay,12277,320,214.9,782.2,13.69
2020-06-28,Antelope Valley,2607,64,50.0,656.2,12.59
2020-06-28,San Fernando,22167,401,300.1,985.9,13.35
2020-06-28,San Gabriel,13199,496,312.5,727.4,17.22
2020-06-28,Metro,12109,276,189.4,1016.1,15.89
2020-06-28,West,3214,84,53.4,481.7,8.0
2020-06-28,South,12948,331,259.1,1232.3,24.66
2020-06-28,East,16766,558,363.9,1269.2,27.55
2020-06-28,South Bay,12534,257,223.1,798.6,14.21
2020-06-29,Antelope Valley,2667,60,51.2,671.3,12.89
2020-06-29,San Fernando,22755,588,334.3,1012.1,14.87
2020-06-29,San Gabriel,13644,445,332.0,752.0,18.3
2020-06-29,Metro,12432,323,207.3,1043.2,17.39
2020-06-29,West,3285,71,57.7,492.3,8.65
2020-06-29,South,13367,419,279.1,1272.2,26.56
2020-06-29,East,17354,588,390.9,1313.8,29.59
2020-06-29,South Bay,12748,214,232.9,812.2,14.84
2020-06-30,Antelope Valley,2740,73,54.6,689.7,13.74
2020-06-30,San Fernando,23142,387,346.3,1029.3,15.4
2020-06-30,San Gabriel,14151,507,354.7,779.9,19.55
2020-06-30,Metro,12732,300,218.2,1068.3,18.31
2020-06-30,West,3355,70,59.6,502.8,8.94
2020-06-30,South,13712,345,287.1,1305.0,27.33
2020-06-30,East,17958,604,412.8,1359.5,31.25
2020-06-30,South Bay,13154,406,252.5,838.1,16.09
2020-07-01,Antelope Valley,2792,52,54.9,702.8,13.83
2020-07-01,San Fernando,23401,259,338.0,1040.8,15.03
2020-07-01,San Gabriel,14472,321,357.1,797.6,19.68
2020-07-01,Metro,12876,144,204.8,1080.4,17.18
2020-07-01,West,3423,68,59.9,513.0,8.97
2020-07-01,South,13977,265,282.9,1330.3,26.92
2020-07-01,East,18282,324,404.0,1384.0,30.58
2020-07-01,South Bay,13638,484,270.9,868.9,17.26
2020-07-02,Antelope Valley,2850,58,57.1,717.4,14.38
2020-07-02,San Fernando,23793,392,349.2,1058.3,15.53
2020-07-02,San Gabriel,14881,409,374.0,820.1,20.61
2020-07-02,Metro,13096,220,214.9,1098.9,18.03
2020-07-02,West,3475,52,60.8,520.8,9.11
2020-07-02,South,14227,250,289.9,1354.1,27.59
2020-07-02,East,18717,435,422.6,1416.9,31.99
2020-07-02,South Bay,13965,327,282.6,889.7,18.01
2020-07-06,Antelope Valley,3160,,,795.4,
2020-07-06,San Fernando,25070,,,1115.1,
2020-07-06,San Gabriel,16710,,,920.9,
2020-07-06,Metro,13990,,,1173.9,
2020-07-06,West,3823,,,573.0,
2020-07-06,South,15283,,,1454.6,
2020-07-06,East,20413,,,1545.3,
2020-07-06,South Bay,14922,,,950.7,
2020-07-07,Antelope Valley,3231,71,,813.3,
2020-07-07,San Fernando,25794,724,,1147.3,
2020-07-07,San Gabriel,17398,688,,958.9,
2020-07-07,Metro,14435,445,,1211.2,
2020-07-07,West,3941,118,,590.7,
2020-07-07,South,15867,584,,1510.1,
2020-07-07,East,21243,830,,1608.2,
2020-07-07,South Bay,15375,453,,979.6,
2020-07-08,Antelope Valley,3294,63,,829.2,
2020-07-08,San Fernando,26189,395,,1164.8,
2020-07-08,San Gabriel,17821,423,,982.2,
2020-07-08,Metro,14581,146,,1223.5,
2020-07-08,West,4024,83,,603.1,
2020-07-08,South,16173,306,,1539.3,
2020-07-08,East,21762,519,,1647.5,
2020-07-08,South Bay,15850,475,,1009.8,
2020-07-09,Antelope Valley,3359,65,,845.5,
2020-07-09,San Fernando,26481,292,,1177.8,
2020-07-09,San Gabriel,18126,305,,999.0,
2020-07-09,Metro,14695,114,,1233.0,
2020-07-09,West,4082,58,,611.8,
2020-07-09,South,16376,203,,1558.6,
2020-07-09,East,22066,304,,1670.5,
2020-07-09,South Bay,16241,391,,1034.7,
2020-07-10,Antelope Valley,3416,57,,859.9,
2020-07-10,San Fernando,26819,338,,1192.9,
2020-07-10,San Gabriel,18535,409,,1021.5,
2020-07-10,Metro,14901,206,,1250.3,
2020-07-10,West,4200,118,,629.5,
2020-07-10,South,16765,389,,1595.6,
2020-07-10,East,22597,531,,1710.7,
2020-07-10,South Bay,16728,487,,1065.8,
2020-07-11,Antelope Valley,3510,94,,883.5,
2020-07-11,San Fernando,27287,468,,1213.7,
2020-07-11,San Gabriel,19046,511,,1049.7,
2020-07-11,Metro,15158,257,,1271.9,
2020-07-11,West,4299,99,,644.3,
2020-07-11,South,17133,368,,1630.6,
2020-07-11,East,23138,541,,1751.6,
2020-07-11,South Bay,17105,377,,1089.8,
2020-07-12,Antelope Valley,3607,97,,907.9,
2020-07-12,San Fernando,27832,545,,1237.9,
2020-07-12,San Gabriel,19701,655,,1085.8,
2020-07-12,Metro,15453,295,,1296.6,
2020-07-12,West,4397,98,,659.0,
2020-07-12,South,17543,410,,1669.7,
2020-07-12,East,23775,637,,1799.8,
2020-07-12,South Bay,17574,469,,1119.7,
2020-07-13,Antelope Valley,3672,65,,924.3,
2020-07-13,San Fernando,28293,461,,1258.4,
2020-07-13,San Gabriel,20230,529,,1114.9,
2020-07-13,Metro,15675,222,,1315.3,
2020-07-13,West,4504,107,,675.0,
2020-07-13,South,17895,352,,1703.2,
2020-07-13,East,24303,528,,1839.8,
2020-07-13,South Bay,17823,249,,1135.5,
2020-07-14,Antelope Valley,3785,113,,952.7,
2020-07-14,San Fernando,28937,644,,1287.1,
2020-07-14,San Gabriel,21026,796,,1158.8,
2020-07-14,Metro,16097,422,,1350.7,
2020-07-14,West,4635,131,,694.7,
2020-07-14,South,18469,574,,1757.8,
2020-07-14,East,25133,830,,1902.7,
2020-07-14,South Bay,18434,611,,1174.5,
2020-07-15,Antelope Valley,3848,63,,968.6,
2020-07-15,San Fernando,29380,443,,1306.8,
2020-07-15,San Gabriel,21477,451,,1183.7,
2020-07-15,Metro,16309,212,,1368.5,
2020-07-15,West,4730,95,,708.9,
2020-07-15,South,18697,228,,1779.5,
2020-07-15,East,25594,461,,1937.6,
2020-07-15,South Bay,18907,473,,1204.6,
2020-07-16,Antelope Valley,3968,120,,998.8,
2020-07-16,San Fernando,30226,846,,1344.4,
2020-07-16,San Gabriel,22223,746,,1224.8,
2020-07-16,Metro,16735,426,,1404.2,
2020-07-16,West,4873,143,,730.3,
2020-07-16,South,19382,685,,1844.7,
2020-07-16,East,26507,913,,2006.7,
2020-07-16,South Bay,19551,644,,1245.6,
2020-07-17,Antelope Valley,4024,56,,1012.9,
2020-07-17,San Fernando,30677,451,,1364.4,
2020-07-17,San Gabriel,22745,522,,1253.5,
2020-07-17,Metro,16965,230,,1423.5,
2020-07-17,West,4957,84,,742.9,
2020-07-17,South,19741,359,,1878.8,
2020-07-17,East,27029,522,,2046.2,
2020-07-17,South Bay,20032,481,,1276.3,
2020-07-18,Antelope Valley,4096,72,,1031.0,
2020-07-18,San Fernando,31197,520,,1387.6,
2020-07-18,San Gabriel,23262,517,,1282.0,
2020-07-18,Metro,17153,188,,1439.3,
2020-07-18,West,5017,60,,751.9,
2020-07-18,South,20079,338,,1911.0,
2020-07-18,East,27538,509,,2084.7,
2020-07-18,South Bay,20416,384,,1300.7,
2020-07-19,Antelope Valley,4191,95,,1054.9,
2020-07-19,San Fernando,31703,506,,1410.1,
2020-07-19,San Gabriel,23797,535,,1311.5,
2020-07-19,Metro,17419,266,,1461.6,
2020-07-19,West,5117,100,,766.9,
2020-07-19,South,20444,365,,1945.8,
2020-07-19,East,28033,495,,2122.2,
2020-07-19,South Bay,20786,370,,1324.3,
2020-07-20,Antelope Valley,4273,82,79.5,1075.6,20.01
2020-07-20,San Fernando,32387,684,522.6,1440.5,23.25
2020-07-20,San Gabriel,24345,548,545.4,1341.7,30.06
2020-07-20,Metro,17786,367,271.1,1492.4,22.75
2020-07-20,West,5174,57,96.5,775.5,14.46
2020-07-20,South,20869,425,399.0,1986.2,37.97
2020-07-20,East,28679,646,590.4,2171.1,44.7
2020-07-20,South Bay,21060,274,438.4,1341.8,27.93
2020-07-21,Antelope Valley,4357,84,80.4,1096.7,20.25
2020-07-21,San Fernando,32825,438,502.2,1460.0,22.34
2020-07-21,San Gabriel,24843,498,531.8,1369.2,29.31
2020-07-21,Metro,18001,215,254.7,1510.4,21.37
2020-07-21,West,5257,83,94.0,787.9,14.09
2020-07-21,South,21241,372,383.9,2021.6,36.53
2020-07-21,East,29121,442,562.7,2204.6,42.6
2020-07-21,South Bay,21400,340,430.4,1363.4,27.42
2020-07-22,Antelope Valley,4453,96,82.8,1120.9,20.84
2020-07-22,San Fernando,33365,540,512.6,1484.0,22.8
2020-07-22,San Gabriel,25422,579,542.9,1401.1,29.92
2020-07-22,Metro,18315,314,266.7,1536.8,22.38
2020-07-22,West,5378,121,96.7,806.0,14.5
2020-07-22,South,21650,409,391.2,2060.5,37.23
2020-07-22,East,29719,598,568.4,2249.8,43.03
2020-07-22,South Bay,22035,635,441.8,1403.9,28.15
2020-07-23,Antelope Valley,4525,72,83.3,1139.0,20.96
2020-07-23,San Fernando,33767,402,520.4,1501.9,23.15
2020-07-23,San Gabriel,25670,248,538.9,1414.7,29.7
2020-07-23,Metro,18440,125,267.5,1547.3,22.45
2020-07-23,West,5423,45,95.8,812.8,14.36
2020-07-23,South,21874,224,392.7,2081.9,37.38
2020-07-23,East,30012,293,567.6,2272.0,42.97
2020-07-23,South Bay,22410,375,440.6,1427.8,28.07
2020-07-24,Antelope Valley,4588,63,83.7,1154.9,21.07
2020-07-24,San Fernando,34107,340,520.6,1517.0,23.15
2020-07-24,San Gabriel,25994,324,532.8,1432.6,29.36
2020-07-24,Metro,18664,224,268.8,1566.1,22.55
2020-07-24,West,5477,54,91.2,820.9,13.67
2020-07-24,South,22111,237,381.9,2104.4,36.34
2020-07-24,East,30336,324,552.8,2296.5,41.85
2020-07-24,South Bay,22716,306,427.7,1447.3,27.25
2020-07-25,Antelope Valley,4657,69,81.9,1172.2,20.62
2020-07-25,San Fernando,34945,838,547.0,1554.3,24.33
2020-07-25,San Gabriel,26614,620,540.6,1466.8,29.79
2020-07-25,Metro,19030,366,276.6,1596.8,23.21
2020-07-25,West,5565,88,90.4,834.1,13.55
2020-07-25,South,22641,530,393.4,2154.9,37.44
2020-07-25,East,30949,613,557.9,2342.9,42.24
2020-07-25,South Bay,23161,445,432.6,1475.6,27.56
2020-07-26,Antelope Valley,4731,74,80.3,1190.9,20.21
2020-07-26,San Fernando,35240,295,529.1,1567.4,23.54
2020-07-26,San Gabriel,26989,375,520.6,1487.4,28.69
2020-07-26,Metro,19138,108,263.2,1605.8,22.09
2020-07-26,West,5604,39,86.2,839.9,12.92
2020-07-26,South,22846,205,378.8,2174.4,36.05
2020-07-26,East,31238,289,533.1,2364.8,40.36
2020-07-26,South Bay,23384,223,415.0,1489.8,26.44
2020-07-27,Antelope Valley,4773,42,78.6,1201.4,19.8
2020-07-27,San Fernando,35705,465,529.4,1588.1,23.55
2020-07-27,San Gabriel,27383,394,510.9,1509.2,28.16
2020-07-27,Metro,19375,237,264.3,1625.7,22.18
2020-07-27,West,5652,48,82.0,847.1,12.29
2020-07-27,South,23109,263,372.4,2199.4,35.45
2020-07-27,East,31563,325,518.6,2389.4,39.26
2020-07-27,South Bay,23577,193,411.0,1502.1,26.19
2020-07-28,Antelope Valley,4929,156,81.7,1240.7,20.57
2020-07-28,San Fernando,36057,352,508.6,1603.7,22.62
2020-07-28,San Gabriel,27962,579,495.4,1541.1,27.3
2020-07-28,Metro,19555,180,247.0,1640.8,20.73
2020-07-28,West,5715,63,77.1,856.5,11.56
2020-07-28,South,23495,386,359.0,2236.1,34.17
2020-07-28,East,32064,501,495.1,2427.4,37.48
2020-07-28,South Bay,23910,333,391.1,1523.4,24.92
2020-07-29,Antelope Valley,5051,122,85.9,1271.4,21.63
2020-07-29,San Fernando,37330,1273,567.9,1660.4,25.26
2020-07-29,San Gabriel,28636,674,511.4,1578.2,28.18
2020-07-29,Metro,20079,524,269.3,1684.8,22.6
2020-07-29,West,5822,107,78.0,872.6,11.69
2020-07-29,South,24128,633,387.9,2296.4,36.92
2020-07-29,East,32746,682,510.9,2479.0,38.67
2020-07-29,South Bay,24569,659,404.4,1565.3,25.77
2020-07-30,Antelope Valley,5151,100,84.5,1296.6,21.27
2020-07-30,San Fernando,37815,485,542.1,1681.9,24.11
2020-07-30,San Gabriel,29100,464,491.2,1603.8,27.07
2020-07-30,Metro,20346,267,257.9,1707.2,21.64
2020-07-30,West,5904,82,73.6,884.9,11.04
2020-07-30,South,24463,335,362.9,2328.3,34.54
2020-07-30,East,33184,438,476.9,2512.1,36.11
2020-07-30,South Bay,24915,346,383.1,1587.4,24.41
2020-07-31,Antelope Valley,5258,107,88.1,1323.5,22.19
2020-07-31,San Fernando,38302,487,544.6,1703.6,24.22
2020-07-31,San Gabriel,29554,454,486.4,1628.8,26.8
2020-07-31,Metro,20574,228,257.8,1726.3,21.63
2020-07-31,West,5974,70,72.6,895.4,10.89
2020-07-31,South,24819,356,362.7,2362.1,34.52
2020-07-31,East,33648,464,472.8,2547.3,35.79
2020-07-31,South Bay,25305,390,376.6,1612.2,24.0
2020-08-01,Antelope Valley,5379,121,91.6,1354.0,23.07
2020-08-01,San Fernando,38909,607,550.9,1730.6,24.5
2020-08-01,San Gabriel,29985,431,480.2,1652.6,26.47
2020-08-01,Metro,20869,295,265.4,1751.1,22.27
2020-08-01,West,6061,87,74.6,908.4,11.18
2020-08-01,South,25234,415,368.2,2401.6,35.04
2020-08-01,East,34159,511,472.9,2586.0,35.8
2020-08-01,South Bay,25615,310,371.4,1632.0,23.66
2020-08-02,Antelope Valley,5480,101,92.1,1379.4,23.18
2020-08-02,San Fernando,39168,259,533.2,1742.1,23.72
2020-08-02,San Gabriel,30269,284,462.3,1668.2,25.48
2020-08-02,Metro,20982,113,254.5,1760.6,21.35
2020-08-02,West,6111,50,71.0,915.9,10.64
2020-08-02,South,25418,184,355.3,2419.2,33.81
2020-08-02,East,34375,216,453.0,2602.3,34.29
2020-08-02,South Bay,25839,224,360.9,1646.3,23.0
2020-08-03,Antelope Valley,5503,23,87.9,1385.2,22.12
2020-08-03,San Fernando,39605,437,515.6,1761.5,22.93
2020-08-03,San Gabriel,30489,220,438.9,1680.3,24.19
2020-08-03,Metro,21155,173,240.6,1775.1,20.19
2020-08-03,West,6149,38,69.6,921.6,10.44
2020-08-03,South,25655,237,341.9,2441.7,32.54
2020-08-03,East,34677,302,428.4,2625.2,32.43
2020-08-03,South Bay,25993,154,352.4,1656.1,22.45
2020-08-04,Antelope Valley,5606,103,89.2,1411.1,22.46
2020-08-04,San Fernando,40015,410,513.6,1779.8,22.84
2020-08-04,San Gabriel,30801,312,425.6,1697.5,23.45
2020-08-04,Metro,21328,173,237.6,1789.6,19.94
2020-08-04,West,6204,55,67.6,929.8,10.14
2020-08-04,South,25911,256,333.6,2466.1,31.75
2020-08-04,East,34942,265,415.8,2645.2,31.48
2020-08-04,South Bay,26258,265,347.0,1673.0,22.11
2020-08-05,Antelope Valley,5712,106,89.9,1437.8,22.64
2020-08-05,San Fernando,40520,505,511.1,1802.2,22.73
2020-08-05,San Gabriel,31271,470,417.8,1723.4,23.03
2020-08-05,Metro,21539,211,230.3,1807.3,19.32
2020-08-05,West,6262,58,63.1,938.5,9.46
2020-08-05,South,26190,279,324.3,2492.6,30.86
2020-08-05,East,35399,457,405.7,2679.8,30.71
2020-08-05,South Bay,26475,217,317.1,1686.8,20.21
2020-08-06,Antelope Valley,5857,145,95.1,1474.3,23.95
2020-08-06,San Fernando,41313,793,539.0,1837.5,23.97
2020-08-06,San Gabriel,31762,491,435.1,1750.5,23.98
2020-08-06,Metro,21840,301,242.9,1832.6,20.38
2020-08-06,West,6351,89,66.3,951.9,9.93
2020-08-06,South,26597,407,337.4,2531.4,32.11
2020-08-06,East,35973,574,425.8,2723.3,32.23
2020-08-06,South Bay,27087,612,334.1,1725.8,21.28
2020-08-07,Antelope Valley,6005,148,101.2,1511.6,25.48
2020-08-07,San Fernando,41836,523,552.1,1860.8,24.55
2020-08-07,San Gabriel,32208,446,443.9,1775.1,24.46
2020-08-07,Metro,22109,269,246.1,1855.1,20.65
2020-08-07,West,6421,70,67.4,962.4,10.11
2020-08-07,South,26950,353,345.6,2565.0,32.9
2020-08-07,East,36575,602,445.6,2768.9,33.74
2020-08-07,South Bay,27516,429,342.9,1753.1,21.84
2020-08-08,Antelope Valley,6090,85,102.4,1533.0,25.77
2020-08-08,San Fernando,42445,609,535.7,1887.9,23.83
2020-08-08,San Gabriel,32696,488,434.4,1802.0,23.94
2020-08-08,Metro,22329,220,235.6,1873.6,19.77
2020-08-08,West,6497,76,66.6,973.7,9.98
2020-08-08,South,27302,352,332.9,2598.5,31.69
2020-08-08,East,37040,465,435.1,2804.1,32.94
2020-08-08,South Bay,27894,378,338.1,1777.2,21.54
2020-08-09,Antelope Valley,6199,109,104.9,1560.4,26.39
2020-08-09,San Fernando,42834,389,542.4,1905.2,24.13
2020-08-09,San Gabriel,33023,327,431.0,1820.0,23.75
2020-08-09,Metro,22497,168,239.9,1887.7,20.13
2020-08-09,West,6550,53,67.6,981.7,10.13
2020-08-09,South,27515,213,333.5,2618.7,31.74
2020-08-09,East,37357,317,437.1,2828.1,33.09
2020-08-09,South Bay,28034,140,332.1,1786.1,21.16
2020-08-10,Antelope Valley,6266,67,106.6,1577.3,26.84
2020-08-10,San Fernando,43271,437,540.4,1924.6,24.04
2020-08-10,San Gabriel,33359,336,426.9,1838.5,23.53
2020-08-10,Metro,22627,130,232.3,1898.6,19.49
2020-08-10,West,6604,54,68.0,989.8,10.19
2020-08-10,South,27735,220,330.4,2639.7,31.45
2020-08-10,East,37748,391,441.8,2857.7,33.44
2020-08-10,South Bay,28216,182,331.4,1797.7,21.11
2020-08-11,Antelope Valley,6334,68,100.4,1594.4,25.26
2020-08-11,San Fernando,43496,225,531.4,1934.6,23.63
2020-08-11,San Gabriel,33638,279,405.4,1853.9,22.34
2020-08-11,Metro,22729,102,226.7,1907.2,19.02
2020-08-11,West,6641,37,66.1,995.3,9.91
2020-08-11,South,27916,181,315.8,2656.9,30.05
2020-08-11,East,38018,270,425.3,2878.1,32.2
2020-08-11,South Bay,28455,239,324.6,1812.9,20.68
2020-08-12,Antelope Valley,6438,104,99.1,1620.6,24.94
2020-08-12,San Fernando,44013,517,477.4,1957.6,21.23
2020-08-12,San Gabriel,33984,346,382.0,1873.0,21.05
2020-08-12,Metro,22876,147,199.8,1919.5,16.76
2020-08-12,West,6689,48,61.9,1002.5,9.28
2020-08-12,South,28189,273,290.1,2682.9,27.61
2020-08-12,East,38418,400,405.1,2908.4,30.67
2020-08-12,South Bay,28979,524,315.0,1846.3,20.07
2020-08-13,Antelope Valley,6512,74,97.2,1639.2,24.47
2020-08-13,San Fernando,44367,354,468.0,1973.3,20.82
2020-08-13,San Gabriel,34337,353,374.1,1892.4,20.62
2020-08-13,Metro,23040,164,192.4,1933.3,16.15
2020-08-13,West,6742,53,59.9,1010.5,8.97
2020-08-13,South,28450,261,284.8,2707.7,27.1
2020-08-13,East,38863,445,405.6,2942.1,30.71
2020-08-13,South Bay,29210,231,306.8,1861.0,19.55
2020-08-14,Antelope Valley,6590,78,95.1,1658.8,23.95
2020-08-14,San Fernando,44771,404,462.1,1991.3,20.55
2020-08-14,San Gabriel,34803,466,374.9,1918.1,20.66
2020-08-14,Metro,23241,201,190.5,1950.1,15.98
2020-08-14,West,6819,77,60.4,1022.0,9.05
2020-08-14,South,28784,334,283.2,2739.5,26.95
2020-08-14,East,39309,446,404.4,2975.8,30.61
2020-08-14,South Bay,29589,379,306.0,1885.2,19.5
2020-08-15,Antelope Valley,6683,93,93.1,1682.2,23.45
2020-08-15,San Fernando,45273,502,454.6,2013.6,20.22
2020-08-15,San Gabriel,35180,377,371.1,1938.9,20.45
2020-08-15,Metro,23390,149,180.1,1962.6,15.11
2020-08-15,West,6874,55,58.1,1030.2,8.7
2020-08-15,South,29067,283,273.8,2766.4,26.06
2020-08-15,East,39670,361,393.6,3003.2,29.8
2020-08-15,South Bay,29914,325,307.1,1905.9,19.56
2020-08-16,Antelope Valley,6719,36,88.5,1691.3,22.28
2020-08-16,San Fernando,45503,230,452.5,2023.9,20.13
2020-08-16,San Gabriel,35419,239,367.9,1952.0,20.27
2020-08-16,Metro,23526,136,181.7,1974.0,15.25
2020-08-16,West,6892,18,55.8,1032.9,8.36
2020-08-16,South,29206,139,270.6,2779.7,25.75
2020-08-16,East,39852,182,391.2,3016.9,29.62
2020-08-16,South Bay,30092,178,303.8,1917.2,19.35
2020-08-17,Antelope Valley,6773,54,90.7,1704.9,22.83
2020-08-17,San Fernando,45708,205,435.9,2033.0,19.39
2020-08-17,San Gabriel,35649,230,368.6,1964.7,20.31
2020-08-17,Metro,23663,137,179.1,1985.5,15.03
2020-08-17,West,6938,46,56.4,1039.8,8.45
2020-08-17,South,29350,144,263.9,2793.4,25.12
2020-08-17,East,40031,179,382.4,3030.5,28.95
2020-08-17,South Bay,30226,134,302.4,1925.8,19.26
2020-08-18,Antelope Valley,6818,45,86.6,1716.2,21.79
2020-08-18,San Fernando,45879,171,418.9,2040.6,18.63
2020-08-18,San Gabriel,35804,155,357.4,1973.3,19.69
2020-08-18,Metro,23724,61,171.1,1990.6,14.36
2020-08-18,West,6965,27,54.4,1043.9,8.15
2020-08-18,South,29447,97,252.6,2802.6,24.04
2020-08-18,East,40197,166,375.4,3043.0,28.42
2020-08-18,South Bay,30400,174,295.9,1936.8,18.85
2020-08-19,Antelope Valley,6869,51,82.6,1729.0,20.8
2020-08-19,San Fernando,46283,404,411.6,2058.6,18.31
2020-08-19,San Gabriel,36099,295,344.9,1989.5,19.01
2020-08-19,Metro,23913,189,169.6,2006.5,14.23
2020-08-19,West,7012,47,53.6,1050.9,8.03
2020-08-19,South,29691,244,250.1,2825.8,23.8
2020-08-19,East,40505,308,364.7,3066.4,27.61
2020-08-19,South Bay,30670,270,299.6,1954.1,19.09
2020-08-20,Antelope Valley,6946,77,77.8,1748.4,19.58
2020-08-20,San Fernando,46603,320,377.9,2072.8,16.81
2020-08-20,San Gabriel,36331,232,326.4,2002.3,17.99
2020-08-20,Metro,24020,107,155.7,2015.5,13.07
2020-08-20,West,7055,43,50.3,1057.4,7.54
2020-08-20,South,29881,190,234.6,2843.9,22.33
2020-08-20,East,40756,251,341.6,3085.4,25.86
2020-08-20,South Bay,30942,272,275.4,1971.4,17.54
2020-08-21,Antelope Valley,7020,74,72.5,1767.1,18.25
2020-08-21,San Fernando,46991,388,368.2,2090.1,16.38
2020-08-21,San Gabriel,36577,246,312.1,2015.9,17.2
2020-08-21,Metro,24150,130,145.8,2026.4,12.23
2020-08-21,West,7116,61,49.6,1066.5,7.44
2020-08-21,South,30121,240,226.5,2866.8,21.56
2020-08-21,East,41035,279,318.6,3106.5,24.12
2020-08-21,South Bay,31204,262,263.4,1988.1,16.78
2020-08-22,Antelope Valley,7098,78,72.0,1786.7,18.12
2020-08-22,San Fernando,47362,371,351.2,2106.6,15.62
2020-08-22,San Gabriel,36835,258,295.6,2030.1,16.29
2020-08-22,Metro,24276,126,139.1,2037.0,11.67
2020-08-22,West,7167,51,47.9,1074.2,7.17
2020-08-22,South,30329,208,216.2,2886.6,20.58
2020-08-22,East,41287,252,303.4,3125.6,22.97
2020-08-22,South Bay,31437,233,253.1,2002.9,16.12
2020-08-23,Antelope Valley,7138,40,67.1,1796.8,16.88
2020-08-23,San Fernando,47596,234,340.1,2117.0,15.13
2020-08-23,San Gabriel,36990,155,283.4,2038.6,15.62
2020-08-23,Metro,24343,67,131.9,2042.6,11.06
2020-08-23,West,7197,30,46.2,1078.7,6.93
2020-08-23,South,30468,139,210.9,2899.8,20.08
2020-08-23,East,41430,143,290.9,3136.4,22.02
2020-08-23,South Bay,31609,172,255.4,2013.9,16.27
2020-08-24,Antelope Valley,7187,49,65.8,1809.1,16.56
2020-08-24,San Fernando,47848,252,326.9,2128.2,14.54
2020-08-24,San Gabriel,37194,204,273.9,2049.9,15.1
2020-08-24,Metro,24466,123,131.4,2052.9,11.02
2020-08-24,West,7230,33,44.7,1083.6,6.7
2020-08-24,South,30632,164,206.9,2915.4,19.69
2020-08-24,East,41648,218,278.6,3152.9,21.09
2020-08-24,South Bay,31721,112,250.4,2021.0,15.95
2020-08-25,Antelope Valley,7251,64,65.5,1825.2,16.49
2020-08-25,San Fernando,48086,238,327.9,2138.8,14.58
2020-08-25,San Gabriel,37340,146,264.4,2057.9,14.57
2020-08-25,Metro,24529,63,128.6,2058.2,10.79
2020-08-25,West,7264,34,44.5,1088.7,6.67
2020-08-25,South,30715,83,199.9,2923.3,19.03
2020-08-25,East,41778,130,268.6,3162.7,20.33
2020-08-25,South Bay,31875,154,244.3,2030.8,15.56
2020-08-26,Antelope Valley,7296,45,61.3,1836.5,15.43
2020-08-26,San Fernando,48447,361,316.7,2154.8,14.09
2020-08-26,San Gabriel,37586,246,257.3,2071.5,14.18
2020-08-26,Metro,24682,153,129.0,2071.0,10.82
2020-08-26,West,7324,60,45.4,1097.7,6.8
2020-08-26,South,30931,216,195.9,2943.9,18.64
2020-08-26,East,42022,244,257.4,3181.2,19.49
2020-08-26,South Bay,32092,217,222.4,2044.6,14.17
2020-08-27,Antelope Valley,7361,65,60.6,1852.9,15.26
2020-08-27,San Fernando,48833,386,319.0,2172.0,14.19
2020-08-27,San Gabriel,37826,240,249.2,2084.7,13.73
2020-08-27,Metro,24853,171,129.5,2085.4,10.87
2020-08-27,West,7372,48,45.0,1104.9,6.74
2020-08-27,South,31157,226,193.4,2965.4,18.4
2020-08-27,East,42279,257,244.0,3200.7,18.47
2020-08-27,South Bay,32264,172,218.1,2055.6,13.9
2020-08-28,Antelope Valley,7412,51,58.7,1865.7,14.78
2020-08-28,San Fernando,49239,406,319.1,2190.0,14.19
2020-08-28,San Gabriel,38021,195,229.9,2095.4,12.67
2020-08-28,Metro,24967,114,123.3,2094.9,10.34
2020-08-28,West,7404,32,41.8,1109.7,6.26
2020-08-28,South,31362,205,184.1,2984.9,17.53
2020-08-28,East,42501,222,228.0,3217.5,17.26
2020-08-28,South Bay,32466,202,205.5,2068.5,13.09
2020-08-29,Antelope Valley,7458,46,55.4,1877.3,13.93
2020-08-29,San Fernando,49529,290,304.0,2202.9,13.52
2020-08-29,San Gabriel,38193,172,215.2,2104.9,11.86
2020-08-29,Metro,25085,118,121.1,2104.8,10.16
2020-08-29,West,7443,39,40.6,1115.5,6.09
2020-08-29,South,31541,179,176.7,3001.9,16.82
2020-08-29,East,42677,176,214.8,3230.8,16.26
2020-08-29,South Bay,32686,220,198.0,2082.5,12.62
2020-08-30,Antelope Valley,7481,23,54.4,1883.1,13.7
2020-08-30,San Fernando,49762,233,304.2,2213.3,13.53
2020-08-30,San Gabriel,38324,131,207.5,2112.1,11.44
2020-08-30,Metro,25191,106,118.9,2113.7,9.98
2020-08-30,West,7477,34,41.8,1120.6,6.26
2020-08-30,South,31682,141,176.9,3015.3,16.83
2020-08-30,East,42832,155,212.9,3242.5,16.11
2020-08-30,South Bay,32809,123,194.1,2090.3,12.36
2020-08-31,Antelope Valley,7515,34,53.0,1891.7,13.34
2020-08-31,San Fernando,50003,241,306.8,2224.0,13.65
2020-08-31,San Gabriel,38517,193,204.9,2122.8,11.29
2020-08-31,Metro,25273,82,115.0,2120.6,9.65
2020-08-31,West,7508,31,40.7,1125.3,6.1
2020-08-31,South,31797,115,174.8,3026.3,16.64
2020-08-31,East,43038,206,214.8,3258.1,16.26
2020-08-31,South Bay,32891,82,190.4,2095.6,12.13
2020-09-01,Antelope Valley,7564,49,53.3,1904.0,13.41
2020-09-01,San Fernando,50178,175,307.1,2231.8,13.66
2020-09-01,San Gabriel,38669,152,204.6,2131.2,11.28
2020-09-01,Metro,25339,66,115.4,2126.2,9.68
2020-09-01,West,7522,14,39.8,1127.4,5.96
2020-09-01,South,31884,87,174.1,3034.6,16.57
2020-09-01,East,43159,121,211.6,3267.3,16.02
2020-09-01,South Bay,32991,100,185.1,2101.9,11.79
2020-09-02,Antelope Valley,7601,37,52.3,1913.3,13.16
2020-09-02,San Fernando,50515,337,302.3,2246.8,13.45
2020-09-02,San Gabriel,38889,220,199.3,2143.3,10.98
2020-09-02,Metro,25436,97,108.8,2134.3,9.13
2020-09-02,West,7574,52,40.1,1135.2,6.02
2020-09-02,South,32063,179,169.4,3051.6,16.13
2020-09-02,East,43384,225,205.6,3284.3,15.57
2020-09-02,South Bay,33237,246,183.4,2117.6,11.68
2020-09-03,Antelope Valley,7650,49,50.3,1925.6,12.66
2020-09-03,San Fernando,50752,237,296.4,2257.3,13.18
2020-09-03,San Gabriel,39044,155,193.8,2151.8,10.68
2020-09-03,Metro,25539,103,108.5,2142.9,9.1
2020-09-03,West,7614,40,39.9,1141.2,5.98
2020-09-03,South,32191,128,165.0,3063.8,15.7
2020-09-03,East,43525,141,197.8,3295.0,14.97
2020-09-03,South Bay,33401,164,175.6,2128.0,11.19
2020-09-04,Antelope Valley,7690,40,47.9,1935.7,12.05
2020-09-04,San Fernando,51123,371,295.1,2273.8,13.13
2020-09-04,San Gabriel,39320,276,195.9,2167.0,10.8
2020-09-04,Metro,25674,135,108.9,2154.3,9.13
2020-09-04,West,7664,50,39.1,1148.6,5.87
2020-09-04,South,32386,195,161.8,3082.3,15.4
2020-09-04,East,43787,262,196.6,3314.8,14.88
2020-09-04,South Bay,33594,193,170.7,2140.3,10.88
2020-09-05,Antelope Valley,7741,51,45.9,1948.5,11.56
2020-09-05,San Fernando,51402,279,288.6,2286.2,12.84
2020-09-05,San Gabriel,39524,204,192.1,2178.3,10.59
2020-09-05,Metro,25762,88,106.1,2161.7,8.91
2020-09-05,West,7693,29,37.6,1153.0,5.63
2020-09-05,South,32542,156,158.1,3097.2,15.04
2020-09-05,East,43974,187,191.9,3329.0,14.53
2020-09-05,South Bay,33713,119,162.6,2147.9,10.36
2020-09-06,Antelope Valley,7760,19,44.4,1953.3,11.18
2020-09-06,San Fernando,51571,169,283.9,2293.8,12.63
2020-09-06,San Gabriel,39645,121,189.6,2184.9,10.45
2020-09-06,Metro,25831,69,106.3,2167.4,8.92
2020-09-06,West,7709,16,36.6,1155.4,5.48
2020-09-06,South,32647,105,155.6,3107.2,14.81
2020-09-06,East,44097,123,190.5,3338.3,14.42
2020-09-06,South Bay,33892,179,163.1,2159.3,10.39
2020-09-07,Antelope Valley,7787,27,42.9,1960.1,10.79
2020-09-07,San Fernando,51692,121,274.6,2299.1,12.21
2020-09-07,San Gabriel,39737,92,181.6,2190.0,10.01
2020-09-07,Metro,25877,46,100.8,2171.3,8.46
2020-09-07,West,7718,9,34.9,1156.7,5.22
2020-09-07,South,32736,89,150.3,3115.6,14.3
2020-09-07,East,44210,113,183.0,3346.8,13.85
2020-09-07,South Bay,33903,11,155.9,2160.0,9.93
2020-09-08,Antelope Valley,7820,33,40.6,1968.4,10.23
2020-09-08,San Fernando,51791,99,264.6,2303.6,11.77
2020-09-08,San Gabriel,39827,90,177.6,2195.0,9.79
2020-09-08,Metro,25907,30,98.4,2173.8,8.26
2020-09-08,West,7718,0,32.4,1156.7,4.86
2020-09-08,South,32803,67,149.1,3122.0,14.19
2020-09-08,East,44293,83,179.6,3353.1,13.6
2020-09-08,South Bay,33943,40,147.7,2162.6,9.41
2020-09-09,Antelope Valley,7859,39,40.2,1978.2,10.12
2020-09-09,San Fernando,51960,169,250.9,2311.1,11.16
2020-09-09,San Gabriel,39938,111,168.0,2201.1,9.26
2020-09-09,Metro,25950,43,90.6,2177.4,7.6
2020-09-09,West,7733,15,29.2,1159.0,4.38
2020-09-09,South,32888,85,139.8,3130.1,13.3
2020-09-09,East,44387,94,168.9,3360.2,12.79
2020-09-09,South Bay,34026,83,138.1,2167.9,8.8
2020-09-10,Antelope Valley,7876,17,36.8,1982.5,9.26
2020-09-10,San Fernando,52285,325,246.6,2325.5,10.97
2020-09-10,San Gabriel,40077,139,160.8,2208.8,8.86
2020-09-10,Metro,26057,107,86.0,2186.4,7.22
2020-09-10,West,7776,43,28.9,1165.4,4.32
2020-09-10,South,33037,149,134.3,3144.3,12.78
2020-09-10,East,44614,227,166.8,3377.4,12.63
2020-09-10,South Bay,34181,155,136.9,2177.7,8.72
2020-09-11,Antelope Valley,7920,44,36.3,1993.6,9.13
2020-09-11,San Fernando,52554,269,236.8,2337.5,10.53
2020-09-11,San Gabriel,40238,161,158.4,2217.6,8.73
2020-09-11,Metro,26135,78,83.4,2193.0,7.0
2020-09-11,West,7810,34,29.0,1170.5,4.35
2020-09-11,South,33159,122,128.4,3155.9,12.22
2020-09-11,East,44792,178,163.6,3390.9,12.39
2020-09-11,South Bay,34324,143,132.7,2186.9,8.46
2020-09-12,Antelope Valley,7975,55,36.9,2007.4,9.3
2020-09-12,San Fernando,52821,267,235.1,2349.4,10.46
2020-09-12,San Gabriel,40400,162,157.6,2226.6,8.69
2020-09-12,Metro,26234,99,82.1,2201.3,6.89
2020-09-12,West,7855,45,29.4,1177.3,4.41
2020-09-12,South,33314,155,126.6,3170.7,12.05
2020-09-12,East,44953,161,162.6,3403.1,12.31
2020-09-12,South Bay,34455,131,126.4,2195.2,8.05
2020-09-13,Antelope Valley,8030,55,39.2,2021.3,9.87
2020-09-13,San Fernando,53059,238,235.5,2359.9,10.47
2020-09-13,San Gabriel,40503,103,155.6,2232.2,8.58
2020-09-13,Metro,26299,65,79.1,2206.7,6.64
2020-09-13,West,7873,18,28.3,1180.0,4.24
2020-09-13,South,33398,84,122.6,3178.6,11.67
2020-09-13,East,45062,109,159.3,3411.3,12.06
2020-09-13,South Bay,34554,99,124.6,2201.5,7.94
2020-09-14,Antelope Valley,8037,7,37.3,2023.0,9.39
2020-09-14,San Fernando,53277,218,233.9,2369.6,10.4
2020-09-14,San Gabriel,40575,72,147.0,2236.2,8.1
2020-09-14,Metro,26352,53,77.1,2211.2,6.47
2020-09-14,West,7886,13,27.0,1181.9,4.05
2020-09-14,South,33501,103,121.7,3188.5,11.58
2020-09-14,East,45182,120,153.1,3420.4,11.59
2020-09-14,South Bay,34614,60,123.1,2205.3,7.84
2020-09-15,Antelope Valley,8070,33,36.1,2031.4,9.1
2020-09-15,San Fernando,53364,87,227.6,2373.5,10.12
2020-09-15,San Gabriel,40641,66,140.9,2239.8,7.76
2020-09-15,Metro,26408,56,76.4,2215.9,6.41
2020-09-15,West,7901,15,27.1,1184.2,4.06
2020-09-15,South,33560,59,119.7,3194.1,11.39
2020-09-15,East,45250,68,149.4,3425.6,11.31
2020-09-15,South Bay,34660,46,119.2,2208.3,7.6
2020-09-16,Antelope Valley,8128,58,37.6,2046.0,9.48
2020-09-16,San Fernando,53703,339,227.7,2388.6,10.13
2020-09-16,San Gabriel,40754,113,133.2,2246.1,7.34
2020-09-16,Metro,26501,93,76.1,2223.7,6.38
2020-09-16,West,7946,45,26.6,1190.9,3.98
2020-09-16,South,33688,128,116.1,3206.2,11.05
2020-09-16,East,45403,153,144.2,3437.2,10.92
2020-09-16,South Bay,34815,155,112.7,2218.1,7.18
2020-09-17,Antelope Valley,8205,77,39.6,2065.3,9.98
2020-09-17,San Fernando,53987,284,231.1,2401.2,10.28
2020-09-17,San Gabriel,40908,154,133.1,2254.6,7.34
2020-09-17,Metro,26570,69,73.6,2229.5,6.18
2020-09-17,West,7980,34,26.1,1196.0,3.92
2020-09-17,South,33832,144,117.2,3220.0,11.16
2020-09-17,East,45623,220,149.9,3453.8,11.34
2020-09-17,South Bay,34950,135,110.6,2226.7,7.05
2020-09-18,Antelope Valley,8254,49,40.3,2077.7,10.14
2020-09-18,San Fernando,54294,307,226.5,2414.9,10.07
2020-09-18,San Gabriel,41093,185,126.6,2264.8,6.98
2020-09-18,Metro,26685,115,72.2,2239.1,6.06
2020-09-18,West,8018,38,25.3,1201.7,3.79
2020-09-18,South,33955,123,112.1,3231.7,10.67
2020-09-18,East,45862,239,148.2,3471.9,11.22
2020-09-18,South Bay,35115,165,108.6,2237.3,6.92
2020-09-19,Antelope Valley,8300,46,39.9,2089.2,10.05
2020-09-19,San Fernando,54623,329,230.1,2429.5,10.23
2020-09-19,San Gabriel,41297,204,126.6,2276.0,6.98
2020-09-19,Metro,26814,129,75.1,2249.9,6.31
2020-09-19,West,8067,49,26.7,1209.0,4.0
2020-09-19,South,34086,131,110.3,3244.1,10.5
2020-09-19,East,46098,236,151.7,3489.8,11.49
2020-09-19,South Bay,35263,148,110.7,2246.7,7.05
2020-09-20,Antelope Valley,8344,44,41.7,2100.3,10.5
2020-09-20,San Fernando,54871,248,235.7,2440.5,10.48
2020-09-20,San Gabriel,41432,135,127.6,2283.4,7.03
2020-09-20,Metro,26901,87,76.4,2257.2,6.41
2020-09-20,West,8084,17,26.8,1211.6,4.01
2020-09-20,South,34191,105,110.3,3254.1,10.5
2020-09-20,East,46268,170,155.1,3502.6,11.74
2020-09-20,South Bay,35407,144,108.2,2255.9,6.89
2020-09-21,Antelope Valley,8369,25,41.6,2106.6,10.46
2020-09-21,San Fernando,55069,198,241.2,2449.3,10.73
2020-09-21,San Gabriel,41537,105,128.6,2289.2,7.09
2020-09-21,Metro,26955,54,77.0,2261.8,6.46
2020-09-21,West,8099,15,27.2,1213.8,4.08
2020-09-21,South,34251,60,108.2,3259.8,10.3
2020-09-21,East,46402,134,156.6,3512.8,11.85
2020-09-21,South Bay,35449,42,110.4,2258.5,7.04
2020-09-22,Antelope Valley,8412,43,42.3,2117.4,10.64
2020-09-22,San Fernando,55234,165,245.9,2456.7,10.94
2020-09-22,San Gabriel,41682,145,132.5,2297.2,7.3
2020-09-22,Metro,26992,37,77.5,2264.9,6.5
2020-09-22,West,8111,12,28.1,1215.6,4.21
2020-09-22,South,34317,66,108.1,3266.1,10.29
2020-09-22,East,46527,125,159.6,3522.3,12.08
2020-09-22,South Bay,35567,118,116.0,2266.0,7.39
2020-09-23,Antelope Valley,8476,64,44.1,2133.6,11.09
2020-09-23,San Fernando,55622,388,261.6,2473.9,11.63
2020-09-23,San Gabriel,41829,147,135.1,2305.3,7.44
2020-09-23,Metro,27113,121,83.1,2275.0,6.97
2020-09-23,West,8155,44,30.1,1222.2,4.52
2020-09-23,South,34448,131,111.4,3278.6,10.61
2020-09-23,East,46728,201,167.2,3537.5,12.66
2020-09-23,South Bay,35696,129,119.3,2274.3,7.6
2020-09-24,Antelope Valley,8516,40,45.7,2143.6,11.51
2020-09-24,San Fernando,55901,279,258.3,2486.4,11.49
2020-09-24,San Gabriel,42024,195,139.1,2316.1,7.66
2020-09-24,Metro,27189,76,80.9,2281.4,6.78
2020-09-24,West,8184,29,29.1,1226.6,4.37
2020-09-24,South,34568,120,109.4,3290.0,10.41
2020-09-24,East,46938,210,166.0,3553.4,12.57
2020-09-24,South Bay,35847,151,119.0,2283.9,7.58
2020-09-25,Antelope Valley,8565,49,46.1,2156.0,11.6
2020-09-25,San Fernando,56381,480,273.4,2507.7,12.16
2020-09-25,San Gabriel,42253,229,143.9,2328.7,7.93
2020-09-25,Metro,27327,138,85.1,2293.0,7.14
2020-09-25,West,8221,37,29.4,1232.1,4.4
2020-09-25,South,34694,126,109.6,3302.0,10.44
2020-09-25,East,47168,230,169.7,3570.8,12.85
2020-09-25,South Bay,35974,127,117.9,2292.0,7.51
2020-09-26,Antelope Valley,8613,48,45.6,2168.0,11.47
2020-09-26,San Fernando,56730,349,279.2,2523.2,12.42
2020-09-26,San Gabriel,42478,225,148.4,2341.1,8.18
2020-09-26,Metro,27456,129,87.3,2303.8,7.32
2020-09-26,West,8269,48,29.6,1239.3,4.43
2020-09-26,South,34824,130,107.9,3314.4,10.27
2020-09-26,East,47367,199,172.4,3585.8,13.05
2020-09-26,South Bay,36081,107,116.1,2298.8,7.4
2020-09-27,Antelope Valley,8647,34,44.1,2176.6,11.09
2020-09-27,San Fernando,56973,243,279.6,2534.0,12.43
2020-09-27,San Gabriel,42599,121,149.7,2347.8,8.25
2020-09-27,Metro,27519,63,87.1,2309.1,7.31
2020-09-27,West,8287,18,29.6,1242.0,4.43
2020-09-27,South,34901,77,107.4,3321.7,10.22
2020-09-27,East,47513,146,175.1,3596.9,13.25
2020-09-27,South Bay,36176,95,115.9,2304.8,7.38
2020-09-28,Antelope Valley,8671,24,45.3,2182.6,11.4
2020-09-28,San Fernando,57180,207,278.8,2543.2,12.4
2020-09-28,San Gabriel,42713,114,152.7,2354.0,8.42
2020-09-28,Metro,27585,66,88.1,2314.6,7.39
2020-09-28,West,8306,19,30.0,1244.9,4.5
2020-09-28,South,34950,49,103.5,3326.4,9.85
2020-09-28,East,47609,96,173.4,3604.2,13.12
2020-09-28,South Bay,36239,63,116.1,2308.9,7.4
2020-09-29,Antelope Valley,8734,63,47.4,2198.5,11.94
2020-09-29,San Fernando,57470,290,293.3,2556.1,13.04
2020-09-29,San Gabriel,42874,161,159.5,2362.9,8.79
2020-09-29,Metro,27632,47,87.4,2318.6,7.34
2020-09-29,West,8334,28,30.9,1249.1,4.64
2020-09-29,South,35037,87,105.5,3334.6,10.04
2020-09-29,East,47728,119,177.0,3613.2,13.4
2020-09-29,South Bay,36375,136,122.5,2317.5,7.8
2020-09-30,Antelope Valley,8789,55,47.2,2212.3,11.88
2020-09-30,San Fernando,57821,351,294.1,2571.8,13.08
2020-09-30,San Gabriel,43059,185,164.6,2373.1,9.07
2020-09-30,Metro,27722,90,87.2,2326.1,7.32
2020-09-30,West,8372,38,30.4,1254.8,4.56
2020-09-30,South,35159,122,105.1,3346.3,10.0
2020-09-30,East,47894,166,177.9,3625.7,13.47
2020-09-30,South Bay,36507,132,120.9,2325.9,7.7
2020-10-01,Antelope Valley,8836,47,45.1,2224.2,11.35
2020-10-01,San Fernando,58132,311,296.1,2585.6,13.17
2020-10-01,San Gabriel,43279,220,169.4,2385.2,9.33
2020-10-01,Metro,27815,93,88.9,2333.9,7.46
2020-10-01,West,8413,41,30.9,1260.9,4.64
2020-10-01,South,35260,101,102.0,3355.9,9.71
2020-10-01,East,48080,186,175.5,3639.8,13.29
2020-10-01,South Bay,36654,147,121.7,2335.3,7.75
2020-10-02,Antelope Valley,8918,82,47.4,2244.8,11.94
2020-10-02,San Fernando,58485,353,299.4,2601.3,13.31
2020-10-02,San Gabriel,43516,237,173.1,2398.3,9.54
2020-10-02,Metro,27939,124,89.6,2344.3,7.52
2020-10-02,West,8456,43,31.3,1267.3,4.69
2020-10-02,South,35409,149,103.9,3370.0,9.88
2020-10-02,East,48300,220,174.1,3656.5,13.18
2020-10-02,South Bay,36782,128,119.1,2343.5,7.59
2020-10-03,Antelope Valley,8969,51,47.8,2257.6,12.03
2020-10-03,San Fernando,58859,374,302.6,2617.9,13.46
2020-10-03,San Gabriel,43684,168,170.5,2407.5,9.4
2020-10-03,Metro,28037,98,87.4,2352.5,7.33
2020-10-03,West,8492,36,30.4,1272.7,4.55
2020-10-03,South,35479,70,99.5,3376.7,9.47
2020-10-03,East,48462,162,168.9,3668.7,12.78
2020-10-03,South Bay,36863,81,114.3,2348.6,7.28
2020-10-04,Antelope Valley,9011,42,47.6,2268.2,11.99
2020-10-04,San Fernando,59093,234,301.6,2628.3,13.41
2020-10-04,San Gabriel,43835,151,171.6,2415.9,9.46
2020-10-04,Metro,28117,80,86.9,2359.3,7.29
2020-10-04,West,8518,26,31.0,1276.6,4.65
2020-10-04,South,35557,78,97.6,3384.1,9.29
2020-10-04,East,48628,166,168.6,3681.3,12.76
2020-10-04,South Bay,36990,127,113.1,2356.7,7.2
2020-10-05,Antelope Valley,9051,40,48.7,2278.3,12.26
2020-10-05,San Fernando,59179,86,293.6,2632.2,13.06
2020-10-05,San Gabriel,43914,79,169.8,2420.2,9.36
2020-10-05,Metro,28152,35,85.5,2362.2,7.17
2020-10-05,West,8525,7,30.4,1277.7,4.56
2020-10-05,South,35595,38,96.0,3387.7,9.14
2020-10-05,East,48705,77,164.5,3687.1,12.45
2020-10-05,South Bay,37010,20,111.5,2358.0,7.1
2020-10-06,Antelope Valley,9102,51,49.3,2291.1,12.41
2020-10-06,San Fernando,59644,465,315.0,2652.8,14.01
2020-10-06,San Gabriel,44069,155,170.5,2428.8,9.4
2020-10-06,Metro,28238,86,89.0,2369.4,7.47
2020-10-06,West,8563,38,32.3,1283.4,4.84
2020-10-06,South,35679,84,97.3,3395.7,9.26
2020-10-06,East,48829,124,164.4,3696.5,12.45
2020-10-06,South Bay,37155,145,113.4,2367.2,7.23
2020-10-07,Antelope Valley,9196,94,51.4,2314.8,12.95
2020-10-07,San Fernando,59997,353,312.5,2668.5,13.9
2020-10-07,San Gabriel,44305,236,176.9,2441.8,9.75
2020-10-07,Metro,28390,152,91.2,2382.2,7.65
2020-10-07,West,8609,46,32.4,1290.3,4.86
2020-10-07,South,35864,185,101.1,3413.3,9.63
2020-10-07,East,49117,288,170.6,3718.3,12.92
2020-10-07,South Bay,37315,160,115.6,2377.4,7.37
2020-10-08,Antelope Valley,9273,77,54.1,2334.2,13.61
2020-10-08,San Fernando,60392,395,320.8,2686.1,14.27
2020-10-08,San Gabriel,44480,175,175.4,2451.4,9.67
2020-10-08,Metro,28482,92,92.4,2389.9,7.75
2020-10-08,West,8637,28,32.4,1294.5,4.85
2020-10-08,South,35990,126,101.6,3425.3,9.67
2020-10-08,East,49319,202,170.1,3733.6,12.87
2020-10-08,South Bay,37488,173,117.2,2388.4,7.47
2020-10-09,Antelope Valley,9340,67,55.4,2351.0,13.93
2020-10-09,San Fernando,60792,400,315.1,2703.9,14.01
2020-10-09,San Gabriel,44663,183,172.1,2461.5,9.49
2020-10-09,Metro,28580,98,89.5,2398.1,7.51
2020-10-09,West,8674,37,32.4,1300.0,4.85
2020-10-09,South,36104,114,100.7,3436.2,9.59
2020-10-09,East,49503,184,166.8,3747.5,12.63
2020-10-09,South Bay,37652,164,119.9,2398.9,7.64
2020-10-10,Antelope Valley,9401,61,56.3,2366.4,14.17
2020-10-10,San Fernando,61153,361,315.9,2720.0,14.05
2020-10-10,San Gabriel,44831,168,168.1,2470.8,9.26
2020-10-10,Metro,28659,79,85.9,2404.7,7.21
2020-10-10,West,8703,29,31.0,1304.4,4.65
2020-10-10,South,36221,117,99.8,3447.3,9.5
2020-10-10,East,49758,255,170.8,3766.8,12.93
2020-10-10,South Bay,37830,178,124.9,2410.2,7.96
2020-10-11,Antelope Valley,9423,22,55.4,2371.9,13.95
2020-10-11,San Fernando,61465,312,320.9,2733.8,14.27
2020-10-11,San Gabriel,44983,152,170.3,2479.1,9.38
2020-10-11,Metro,28743,84,87.4,2411.8,7.34
2020-10-11,West,8732,29,31.8,1308.7,4.76
2020-10-11,South,36324,103,101.6,3457.1,9.67
2020-10-11,East,49904,146,170.8,3777.9,12.93
2020-10-11,South Bay,37920,90,124.6,2416.0,7.94
2020-10-12,Antelope Valley,9481,58,57.9,2386.5,14.56
2020-10-12,San Fernando,61728,263,324.9,2745.5,14.45
2020-10-12,San Gabriel,45105,122,170.9,2485.9,9.42
2020-10-12,Metro,28815,72,87.9,2417.8,7.37
2020-10-12,West,8760,28,32.4,1312.9,4.86
2020-10-12,South,36414,90,104.6,3465.7,9.95
2020-10-12,East,50035,131,173.3,3787.8,13.12
2020-10-12,South Bay,37973,53,123.9,2419.3,7.89
2020-10-13,Antelope Valley,9530,49,56.9,2398.9,14.31
2020-10-13,San Fernando,61881,153,315.1,2752.3,14.01
2020-10-13,San Gabriel,45235,130,168.6,2493.0,9.29
2020-10-13,Metro,28859,44,87.6,2421.5,7.35
2020-10-13,West,8781,21,31.9,1316.1,4.79
2020-10-13,South,36484,70,103.4,3472.4,9.84
2020-10-13,East,50185,150,175.5,3799.2,13.29
2020-10-13,South Bay,38070,97,121.1,2425.5,7.71
2020-10-14,Antelope Valley,9609,79,58.6,2418.7,14.74
2020-10-14,San Fernando,62342,461,322.9,2772.8,14.36
2020-10-14,San Gabriel,45415,180,168.3,2502.9,9.27
2020-10-14,Metro,28916,57,85.3,2426.3,7.16
2020-10-14,West,8803,22,30.8,1319.4,4.61
2020-10-14,South,36605,121,103.3,3483.9,9.83
2020-10-14,East,50387,202,178.1,3814.5,13.48
2020-10-14,South Bay,38200,130,120.9,2433.8,7.7
2020-10-15,Antelope Valley,9648,39,58.0,2428.6,14.6
2020-10-15,San Fernando,62748,406,329.7,2790.9,14.66
2020-10-15,San Gabriel,45562,147,163.1,2511.1,8.99
2020-10-15,Metro,29040,124,87.5,2436.7,7.34
2020-10-15,West,8814,11,28.6,1321.0,4.29
2020-10-15,South,36739,134,105.6,3496.6,10.05
2020-10-15,East,50570,183,177.9,3828.3,13.46
2020-10-15,South Bay,38342,142,120.6,2442.9,7.68
2020-10-16,Antelope Valley,9713,65,56.8,2444.9,14.29
2020-10-16,San Fernando,63157,409,333.7,2809.1,14.84
2020-10-16,San Gabriel,45713,151,156.9,2519.4,8.65
2020-10-16,Metro,29114,74,83.9,2442.9,7.04
2020-10-16,West,8835,21,27.1,1324.2,4.06
2020-10-16,South,36832,93,101.6,3505.5,9.67
2020-10-16,East,50705,135,171.8,3838.5,13.0
2020-10-16,South Bay,38303,-39,108.6,2440.4,6.92
2020-10-17,Antelope Valley,9747,34,55.6,2453.5,13.99
2020-10-17,San Fernando,63474,317,329.6,2823.2,14.66
2020-10-17,San Gabriel,45804,91,151.4,2524.4,8.35
2020-10-17,Metro,29187,73,82.1,2449.0,6.89
2020-10-17,West,8861,26,26.4,1328.0,3.95
2020-10-17,South,36949,117,105.0,3516.6,9.99
2020-10-17,East,50869,164,171.9,3851.0,13.02
2020-10-17,South Bay,38535,232,119.4,2455.1,7.61
2020-10-18,Antelope Valley,9749,2,52.7,2454.0,13.27
2020-10-18,San Fernando,63586,112,320.9,2828.2,14.27
2020-10-18,San Gabriel,45849,45,143.9,2526.9,7.93
2020-10-18,Metro,29217,30,78.6,2451.6,6.59
2020-10-18,West,8865,4,24.8,1328.6,3.71
2020-10-18,South,36971,22,101.0,3518.7,9.61
2020-10-18,East,50898,29,162.1,3853.2,12.27
2020-10-18,South Bay,38592,57,114.4,2458.8,7.29
2020-10-19,Antelope Valley,9794,45,53.1,2465.3,13.36
2020-10-19,San Fernando,63898,312,337.1,2842.0,14.99
2020-10-19,San Gabriel,45980,131,147.6,2534.1,8.13
2020-10-19,Metro,29300,83,82.0,2458.5,6.88
2020-10-19,West,8885,20,25.7,1331.6,3.85
2020-10-19,South,37040,69,103.2,3525.3,9.82
2020-10-19,East,51051,153,167.6,3864.7,12.69
2020-10-19,South Bay,38669,77,118.5,2463.7,7.55
2020-10-20,Antelope Valley,9878,84,55.4,2486.5,13.95
2020-10-20,San Fernando,64094,196,317.9,2850.8,14.14
2020-10-20,San Gabriel,46090,110,144.4,2540.2,7.96
2020-10-20,Metro,29334,34,78.3,2461.4,6.57
2020-10-20,West,8906,21,24.5,1334.8,3.67
2020-10-20,South,37096,56,101.2,3530.6,9.63
2020-10-20,East,51152,101,165.9,3872.4,12.56
2020-10-20,South Bay,38774,105,115.6,2470.4,7.37
2020-10-21,Antelope Valley,9907,29,50.8,2493.8,12.78
2020-10-21,San Fernando,64248,154,303.6,2857.6,13.51
2020-10-21,San Gabriel,46163,73,132.7,2544.2,7.31
2020-10-21,Metro,29412,78,73.0,2467.9,6.13
2020-10-21,West,8931,25,23.0,1338.5,3.45
2020-10-21,South,37144,48,91.4,3535.2,8.7
2020-10-21,East,51215,63,149.9,3877.1,11.34
2020-10-21,South Bay,38892,118,112.6,2477.9,7.18
2020-10-22,Antelope Valley,10160,253,63.4,2557.4,15.95
2020-10-22,San Fernando,65270,1022,348.4,2903.1,15.5
2020-10-22,San Gabriel,46755,592,162.5,2576.8,8.96
2020-10-22,Metro,29723,311,88.6,2494.0,7.44
2020-10-22,West,9036,105,28.5,1354.3,4.27
2020-10-22,South,37477,333,106.2,3566.9,10.11
2020-10-22,East,51812,597,178.1,3922.3,13.48
2020-10-22,South Bay,39247,355,125.6,2500.5,8.0
2020-10-23,Antelope Valley,10353,193,72.4,2606.0,18.21
2020-10-23,San Fernando,66222,952,387.9,2945.4,17.25
2020-10-23,San Gabriel,47114,359,175.1,2596.6,9.65
2020-10-23,Metro,29935,212,96.8,2511.8,8.12
2020-10-23,West,9152,116,34.1,1371.7,5.12
2020-10-23,South,37697,220,113.8,3587.8,10.83
2020-10-23,East,52207,395,193.1,3952.2,14.62
2020-10-23,South Bay,39498,251,131.9,2516.5,8.4
2020-10-24,Antelope Valley,10503,150,78.7,2643.8,19.81
2020-10-24,San Fernando,66883,661,409.3,2974.8,18.2
2020-10-24,San Gabriel,47472,358,188.6,2616.3,10.4
2020-10-24,Metro,30086,151,101.9,2524.5,8.55
2020-10-24,West,9207,55,36.0,1379.9,5.4
2020-10-24,South,37902,205,120.1,3607.3,11.43
2020-10-24,East,52564,357,200.4,3979.3,15.17
2020-10-24,South Bay,39728,230,135.6,2531.2,8.64
2020-10-25,Antelope Valley,10574,71,82.2,2661.7,20.69
2020-10-25,San Fernando,67081,198,401.1,2983.6,17.84
2020-10-25,San Gabriel,47584,112,185.8,2622.5,10.24
2020-10-25,Metro,30137,51,99.6,2528.8,8.35
2020-10-25,West,9227,20,35.4,1382.9,5.3
2020-10-25,South,37993,91,119.2,3616.0,11.35
2020-10-25,East,52682,118,198.4,3988.2,15.02
2020-10-25,South Bay,39845,117,137.5,2538.6,8.76
2020-10-26,Antelope Valley,10645,71,83.1,2679.5,20.93
2020-10-26,San Fernando,67271,190,395.9,2992.1,17.61
2020-10-26,San Gabriel,47732,148,187.6,2630.6,10.34
2020-10-26,Metro,30188,51,98.1,2533.0,8.23
2020-10-26,West,9255,28,35.4,1387.1,5.3
2020-10-26,South,38069,76,118.2,3623.2,11.25
2020-10-26,East,52881,199,203.3,4003.3,15.39
2020-10-26,South Bay,39911,66,138.4,2542.8,8.82
2020-10-27,Antelope Valley,10746,101,86.9,2704.9,21.86
2020-10-27,San Fernando,67804,533,423.1,3015.8,18.82
2020-10-27,San Gabriel,47941,209,193.3,2642.2,10.65
2020-10-27,Metro,30320,132,104.4,2544.1,8.76
2020-10-27,West,9296,41,36.8,1393.2,5.51
2020-10-27,South,38239,170,125.4,3639.4,11.93
2020-10-27,East,53101,220,208.3,4019.9,15.77
2020-10-27,South Bay,40063,152,142.4,2552.5,9.07
2020-10-28,Antelope Valley,10805,59,85.4,2719.8,21.5
2020-10-28,San Fernando,68264,460,423.0,3036.2,18.81
2020-10-28,San Gabriel,48123,182,193.4,2652.2,10.66
2020-10-28,Metro,30425,105,107.8,2552.9,9.04
2020-10-28,West,9336,40,38.1,1399.2,5.71
2020-10-28,South,38373,134,126.3,3652.1,12.02
2020-10-28,East,53291,190,207.4,4034.3,15.7
2020-10-28,South Bay,40176,113,141.1,2559.7,8.99
2020-10-29,Antelope Valley,10905,100,89.8,2745.0,22.6
2020-10-29,San Fernando,68760,496,429.4,3058.3,19.1
2020-10-29,San Gabriel,48337,214,198.2,2664.0,10.92
2020-10-29,Metro,30558,133,108.4,2564.1,9.1
2020-10-29,West,9377,41,40.2,1405.4,6.03
2020-10-29,South,38503,130,126.0,3664.5,11.99
2020-10-29,East,53540,249,212.1,4053.2,16.06
2020-10-29,South Bay,40465,289,151.6,2578.1,9.66
2020-10-30,Antelope Valley,10964,59,89.4,2759.8,22.49
2020-10-30,San Fernando,69152,392,428.2,3075.7,19.05
2020-10-30,San Gabriel,48526,189,200.9,2674.4,11.07
2020-10-30,Metro,30662,104,110.6,2572.8,9.28
2020-10-30,West,9430,53,42.5,1413.3,6.37
2020-10-30,South,38604,101,126.6,3674.1,12.05
2020-10-30,East,53753,213,217.7,4069.3,16.48
2020-10-30,South Bay,40611,146,164.9,2587.4,10.5
2020-10-31,Antelope Valley,11039,75,92.3,2778.7,23.23
2020-10-31,San Fernando,69561,409,434.8,3093.9,19.34
2020-10-31,San Gabriel,48733,207,209.2,2685.8,11.53
2020-10-31,Metro,30780,118,113.8,2582.7,9.55
2020-10-31,West,9469,39,43.4,1419.2,6.51
2020-10-31,South,38722,118,126.6,3685.4,12.05
2020-10-31,East,53948,195,219.9,4084.0,16.65
2020-10-31,South Bay,40759,148,158.9,2596.8,10.12
2020-11-01,Antelope Valley,11158,119,100.6,2808.7,25.33
2020-11-01,San Fernando,69787,226,442.9,3104.0,19.7
2020-11-01,San Gabriel,48964,231,222.5,2698.5,12.26
2020-11-01,Metro,30921,141,121.7,2594.5,10.21
2020-11-01,West,9528,59,47.4,1428.0,7.1
2020-11-01,South,38849,127,134.1,3697.4,12.77
2020-11-01,East,54173,225,233.9,4101.1,17.71
2020-11-01,South Bay,40938,179,167.6,2608.2,10.68
2020-11-02,Antelope Valley,11263,105,104.9,2835.1,26.41
2020-11-02,San Fernando,70472,685,469.6,3134.4,20.89
2020-11-02,San Gabriel,49159,195,227.1,2709.3,12.51
2020-11-02,Metro,31047,126,124.8,2605.1,10.47
2020-11-02,West,9575,47,49.3,1435.1,7.39
2020-11-02,South,38970,121,137.9,3709.0,13.12
2020-11-02,East,54416,243,240.4,4119.5,18.2
2020-11-02,South Bay,41015,77,167.6,2613.2,10.68
2020-11-03,Antelope Valley,11379,116,107.2,2864.3,26.99
2020-11-03,San Fernando,70750,278,475.4,3146.8,21.15
2020-11-03,San Gabriel,49369,210,234.2,2720.9,12.91
2020-11-03,Metro,31131,84,128.4,2612.2,10.77
2020-11-03,West,9612,37,50.4,1440.6,7.56
2020-11-03,South,39075,105,141.4,3719.0,13.45
2020-11-03,East,54633,217,248.6,4135.9,18.82
2020-11-03,South Bay,41127,112,168.1,2620.3,10.71
2020-11-04,Antelope Valley,11462,83,111.1,2885.2,27.96
2020-11-04,San Fernando,71345,595,506.9,3173.3,22.55
2020-11-04,San Gabriel,49572,203,243.5,2732.1,13.42
2020-11-04,Metro,31314,183,135.9,2627.5,11.4
2020-11-04,West,9709,97,55.6,1455.1,8.33
2020-11-04,South,39261,186,151.2,3736.7,14.39
2020-11-04,East,54882,249,261.9,4154.8,19.83
2020-11-04,South Bay,41348,221,175.4,2634.4,11.18
2020-11-05,Antelope Valley,11598,136,102.7,2919.4,25.85
2020-11-05,San Fernando,71927,582,475.5,3199.2,21.15
2020-11-05,San Gabriel,49841,269,220.4,2746.9,12.15
2020-11-05,Metro,31489,175,126.1,2642.2,10.58
2020-11-05,West,9845,136,57.8,1475.5,8.66
2020-11-05,South,39479,218,143.0,3757.4,13.61
2020-11-05,East,55157,275,238.9,4175.6,18.09
2020-11-05,South Bay,41583,235,166.9,2649.3,10.63
2020-11-06,Antelope Valley,11693,95,95.7,2943.3,24.09
2020-11-06,San Fernando,72652,725,459.3,3231.4,20.43
2020-11-06,San Gabriel,50132,291,215.6,2762.9,11.88
2020-11-06,Metro,31700,211,126.1,2659.9,10.58
2020-11-06,West,9938,93,56.1,1489.5,8.41
2020-11-06,South,39659,180,140.1,3774.5,13.34
2020-11-06,East,55460,303,232.4,4198.5,17.59
2020-11-06,South Bay,41770,187,162.3,2661.3,10.34
2020-11-07,Antelope Valley,11885,192,98.7,2991.7,24.85
2020-11-07,San Fernando,73214,562,452.2,3256.4,20.11
2020-11-07,San Gabriel,50482,350,215.0,2782.2,11.85
2020-11-07,Metro,31939,239,132.4,2680.0,11.11
2020-11-07,West,10055,117,60.6,1507.0,9.08
2020-11-07,South,39902,243,142.9,3797.7,13.6
2020-11-07,East,55847,387,234.5,4227.8,17.75
2020-11-07,South Bay,41988,218,161.4,2675.1,10.28
2020-11-08,Antelope Valley,12033,148,104.2,3028.9,26.23
2020-11-08,San Fernando,73901,687,487.1,3287.0,21.67
2020-11-08,San Gabriel,50803,321,229.9,2799.9,12.67
2020-11-08,Metro,32135,196,142.7,2696.4,11.97
2020-11-08,West,10164,109,66.9,1523.3,10.03
2020-11-08,South,40083,181,149.3,3814.9,14.21
2020-11-08,East,56196,349,251.0,4254.2,19.0
2020-11-08,South Bay,42166,178,165.8,2686.5,10.56
2020-11-09,Antelope Valley,12106,73,104.4,3047.3,26.27
2020-11-09,San Fernando,74355,454,506.0,3307.1,22.51
2020-11-09,San Gabriel,50972,169,231.4,2809.2,12.75
2020-11-09,Metro,32310,175,151.6,2711.1,12.72
2020-11-09,West,10227,63,69.4,1532.8,10.41
2020-11-09,South,40219,136,153.6,3827.8,14.62
2020-11-09,East,56406,210,251.8,4270.1,19.06
2020-11-09,South Bay,42272,106,168.6,2693.2,10.74
2020-11-10,Antelope Valley,12267,161,108.6,3087.8,27.35
2020-11-10,San Fernando,74858,503,503.9,3329.5,22.41
2020-11-10,San Gabriel,51623,651,263.0,2845.1,14.49
2020-11-10,Metro,32435,125,151.1,2721.6,12.68
2020-11-10,West,10288,61,70.9,1541.9,10.62
2020-11-10,South,40338,119,149.9,3839.2,14.27
2020-11-10,East,56737,331,259.7,4295.2,19.66
2020-11-10,South Bay,42577,305,179.6,2712.7,11.44
2020-11-11,Antelope Valley,12388,121,113.1,3118.3,28.46
2020-11-11,San Fernando,75474,616,515.0,3356.9,22.91
2020-11-11,San Gabriel,51923,300,271.4,2861.6,14.96
2020-11-11,Metro,32669,234,160.3,2741.2,13.45
2020-11-11,West,10408,120,76.6,1559.9,11.48
2020-11-11,South,40535,197,154.4,3857.9,14.7
2020-11-11,East,56993,256,264.4,4314.6,20.02
2020-11-11,South Bay,42860,283,191.7,2730.7,12.21
2020-11-12,Antelope Valley,12538,150,116.6,3156.0,29.36
2020-11-12,San Fernando,76184,710,530.3,3388.5,23.59
2020-11-12,San Gabriel,52327,404,285.0,2883.9,15.71
2020-11-12,Metro,32896,227,167.0,2760.3,14.01
2020-11-12,West,10502,94,80.4,1574.0,12.04
2020-11-12,South,40741,206,159.9,3877.5,15.21
2020-11-12,East,57399,406,275.6,4345.3,20.87
2020-11-12,South Bay,43101,241,188.3,2746.1,12.0
2020-11-13,Antelope Valley,12706,168,124.4,3198.3,31.32
2020-11-13,San Fernando,76774,590,544.4,3414.7,24.22
2020-11-13,San Gabriel,52760,433,302.4,2907.8,16.67
2020-11-13,Metro,33138,242,176.9,2780.6,14.84
2020-11-13,West,10626,124,85.4,1592.6,12.8
2020-11-13,South,40998,257,171.0,3902.0,16.27
2020-11-13,East,57786,387,288.1,4374.6,21.81
2020-11-13,South Bay,43358,257,196.2,2762.4,12.5
2020-11-14,Antelope Valley,12877,171,131.3,3241.4,33.05
2020-11-14,San Fernando,77938,1164,598.4,3466.5,26.61
2020-11-14,San Gabriel,53336,576,328.8,2939.5,18.12
2020-11-14,Metro,33476,338,192.6,2808.9,16.16
2020-11-14,West,10773,147,93.1,1614.6,13.96
2020-11-14,South,41336,338,186.7,3934.1,17.77
2020-11-14,East,58348,562,314.3,4417.1,23.79
2020-11-14,South Bay,43691,333,209.4,2783.6,13.34
2020-11-15,Antelope Valley,13045,168,134.8,3283.6,33.93
2020-11-15,San Fernando,78537,599,625.0,3493.2,27.8
2020-11-15,San Gabriel,53864,528,350.0,2968.6,19.29
2020-11-15,Metro,33782,306,204.4,2834.6,17.15
2020-11-15,West,10908,135,98.6,1634.8,14.77
2020-11-15,South,41660,324,200.8,3965.0,19.11
2020-11-15,East,58812,464,331.4,4452.3,25.08
2020-11-15,South Bay,44044,353,221.9,2806.1,14.13
2020-11-16,Antelope Valley,13198,153,138.2,3322.2,34.79
2020-11-16,San Fernando,79458,921,641.9,3534.1,28.55
2020-11-16,San Gabriel,54276,412,365.5,2991.3,20.14
2020-11-16,Metro,34033,251,213.3,2855.7,17.9
2020-11-16,West,11015,107,102.9,1650.9,15.42
2020-11-16,South,41887,227,208.4,3986.6,19.83
2020-11-16,East,59311,499,349.6,4490.0,26.47
2020-11-16,South Bay,44226,182,229.4,2817.7,14.61
2020-11-17,Antelope Valley,13337,139,139.9,3357.1,35.2
2020-11-17,San Fernando,80056,598,664.7,3560.7,29.57
2020-11-17,San Gabriel,54747,471,384.1,3017.3,21.17
2020-11-17,Metro,34259,226,223.4,2874.6,18.75
2020-11-17,West,11112,97,107.1,1665.4,16.06
2020-11-17,South,42110,223,216.8,4007.8,20.63
2020-11-17,East,59628,317,356.8,4514.0,27.01
2020-11-17,South Bay,44559,333,245.1,2838.9,15.62
2020-11-18,Antelope Valley,13555,218,149.5,3412.0,37.63
2020-11-18,San Fernando,81039,983,692.4,3604.4,30.8
2020-11-18,San Gabriel,55430,683,418.4,3054.9,23.06
2020-11-18,Metro,34629,370,236.8,2905.7,19.87
2020-11-18,West,11298,186,113.5,1693.3,17.01
2020-11-18,South,42582,472,237.2,4052.7,22.58
2020-11-18,East,60293,665,386.5,4564.4,29.26
2020-11-18,South Bay,45109,550,268.6,2874.0,17.12
2020-11-19,Antelope Valley,13769,214,155.1,3465.9,39.03
2020-11-19,San Fernando,82375,1336,746.3,3663.9,33.19
2020-11-19,San Gabriel,56294,864,460.9,3102.5,25.4
2020-11-19,Metro,35075,446,256.1,2943.1,21.49
2020-11-19,West,11486,188,117.2,1721.5,17.57
2020-11-19,South,43105,523,259.0,4102.5,24.65
2020-11-19,East,61013,720,418.3,4618.9,31.67
2020-11-19,South Bay,45614,505,287.9,2906.2,18.34
2020-11-20,Antelope Valley,14030,261,166.9,3531.6,42.02
2020-11-20,San Fernando,83559,1184,779.1,3716.5,34.65
2020-11-20,San Gabriel,56909,615,484.1,3136.4,26.68
2020-11-20,Metro,35417,342,265.5,2971.8,22.28
2020-11-20,West,11630,144,120.9,1743.1,18.11
2020-11-20,South,43460,355,271.5,4136.3,25.84
2020-11-20,East,61738,725,448.4,4673.8,33.95
2020-11-20,South Bay,46096,482,309.0,2936.9,19.69
2020-11-21,Antelope Valley,14277,247,170.9,3593.8,43.01
2020-11-21,San Fernando,84666,1107,818.0,3765.8,36.38
2020-11-21,San Gabriel,57568,659,506.1,3172.7,27.89
2020-11-21,Metro,35827,410,277.7,3006.2,23.3
2020-11-21,West,11807,177,125.1,1769.6,18.76
2020-11-21,South,43946,486,288.9,4182.6,27.49
2020-11-21,East,62438,700,470.8,4726.8,35.64
2020-11-21,South Bay,46639,543,332.2,2971.5,21.17
2020-11-22,Antelope Valley,14355,78,165.9,3613.4,41.75
2020-11-22,San Fernando,85302,636,814.4,3794.0,36.22
2020-11-22,San Gabriel,58042,474,517.1,3198.9,28.5
2020-11-22,Metro,36062,235,280.5,3025.9,23.54
2020-11-22,West,11910,103,124.7,1785.0,18.69
2020-11-22,South,44196,250,293.8,4206.3,27.96
2020-11-22,East,62841,403,474.6,4757.3,35.93
2020-11-22,South Bay,47017,378,346.5,2995.6,22.08
2020-11-23,Antelope Valley,14590,235,177.4,3672.5,44.66
2020-11-23,San Fernando,87010,1708,903.9,3870.0,40.2
2020-11-23,San Gabriel,59094,1052,580.1,3256.8,31.97
2020-11-23,Metro,36653,591,310.2,3075.5,26.03
2020-11-23,West,12150,240,137.4,1821.0,20.59
2020-11-23,South,44837,641,329.9,4267.4,31.39
2020-11-23,East,63781,940,526.8,4828.4,39.88
2020-11-23,South Bay,47532,515,375.7,3028.4,23.94
2020-11-24,Antelope Valley,14839,249,183.7,3735.2,46.24
2020-11-24,San Fernando,87837,827,927.1,3906.8,41.23
2020-11-24,San Gabriel,59681,587,575.6,3289.2,31.72
2020-11-24,Metro,36945,292,322.1,3100.0,27.03
2020-11-24,West,12270,120,141.6,1839.0,21.22
2020-11-24,South,45182,345,346.0,4300.2,32.93
2020-11-24,East,64522,741,556.1,4884.5,42.1
2020-11-24,South Bay,47954,422,384.1,3055.3,24.47
2020-11-25,Antelope Valley,15014,175,187.6,3779.3,47.21
2020-11-25,San Fernando,88738,901,947.4,3946.9,42.14
2020-11-25,San Gabriel,60383,702,604.3,3327.9,33.3
2020-11-25,Metro,37291,346,330.1,3129.0,27.7
2020-11-25,West,12430,160,144.4,1863.0,21.65
2020-11-25,South,45640,458,364.6,4343.8,34.7
2020-11-25,East,65354,832,597.2,4947.5,45.21
2020-11-25,South Bay,48592,638,409.4,3095.9,26.09
2020-11-26,Antelope Valley,15277,263,195.6,3845.5,49.25
2020-11-26,San Fernando,90059,1321,991.1,4005.6,44.08
2020-11-26,San Gabriel,61249,866,637.3,3375.6,35.12
2020-11-26,Metro,37730,439,345.3,3165.9,28.97
2020-11-26,West,12607,177,150.4,1889.5,22.53
2020-11-26,South,46230,590,392.1,4399.9,37.32
2020-11-26,East,66160,806,625.8,5008.5,47.37
2020-11-26,South Bay,48975,383,419.6,3120.3,26.73
2020-11-27,Antelope Valley,15622,345,208.3,3932.3,52.43
2020-11-27,San Fernando,90981,922,1014.8,4046.6,45.14
2020-11-27,San Gabriel,62289,1040,680.6,3432.9,37.51
2020-11-27,Metro,38002,272,347.4,3188.7,29.15
2020-11-27,West,12720,113,149.6,1906.4,22.42
2020-11-27,South,46613,383,401.1,4436.4,38.17
2020-11-27,East,66943,783,654.1,5067.8,49.52
2020-11-27,South Bay,49421,446,433.1,3148.7,27.59
2020-11-28,Antelope Valley,15812,190,209.6,3980.1,52.77
2020-11-28,San Fernando,91697,716,982.8,4078.5,43.71
2020-11-28,San Gabriel,62864,575,680.6,3464.6,37.51
2020-11-28,Metro,38226,224,339.3,3207.5,28.47
2020-11-28,West,12812,92,145.6,1920.2,21.83
2020-11-28,South,46907,294,397.9,4464.4,37.87
2020-11-28,East,67526,583,655.6,5111.9,49.63
2020-11-28,South Bay,49590,169,421.4,3159.5,26.85
2020-11-29,Antelope Valley,16006,194,211.5,4029.0,53.24
2020-11-29,San Fernando,92990,1293,1032.4,4136.0,45.92
2020-11-29,San Gabriel,63739,875,705.4,3512.8,38.87
2020-11-29,Metro,38673,447,349.4,3245.0,29.31
2020-11-29,West,12938,126,145.0,1939.1,21.73
2020-11-29,South,47374,467,408.1,4508.8,38.84
2020-11-29,East,68394,868,684.4,5177.7,51.81
2020-11-29,South Bay,50332,742,449.1,3206.8,28.62
2020-11-30,Antelope Valley,16301,295,221.6,4103.2,55.79
2020-11-30,San Fernando,94372,1382,1065.3,4197.5,47.38
2020-11-30,San Gabriel,64505,766,730.6,3555.1,40.27
2020-11-30,Metro,39190,517,368.4,3288.4,30.91
2020-11-30,West,13136,198,151.5,1968.8,22.71
2020-11-30,South,47958,584,433.6,4564.4,41.27
2020-11-30,East,69140,746,702.1,5234.1,53.15
2020-11-30,South Bay,50774,442,467.7,3234.9,29.8
2020-12-01,Antelope Valley,16610,309,233.8,4181.0,58.85
2020-12-01,San Fernando,96487,2115,1173.6,4291.5,52.2
2020-12-01,San Gabriel,65606,1101,775.6,3615.7,42.75
2020-12-01,Metro,39785,595,394.7,3338.3,33.12
2020-12-01,West,13381,245,162.1,2005.5,24.29
2020-12-01,South,48793,835,477.4,4643.9,45.43
2020-12-01,East,70353,1213,766.1,5326.0,57.99
2020-12-01,South Bay,51813,1039,518.1,3301.1,33.01
2020-12-02,Antelope Valley,16873,263,237.0,4247.2,59.66
2020-12-02,San Fernando,97768,1281,1194.9,4348.5,53.15
2020-12-02,San Gabriel,66609,1003,798.5,3671.0,44.01
2020-12-02,Metro,40273,488,403.1,3379.3,33.83
2020-12-02,West,13645,264,167.6,2045.1,25.13
2020-12-02,South,49310,517,480.6,4693.1,45.74
2020-12-02,East,71309,956,786.9,5398.3,59.57
2020-12-02,South Bay,52906,1093,556.9,3370.8,35.48
2020-12-03,Antelope Valley,17192,319,244.5,4327.5,61.54
2020-12-03,San Fernando,99355,1587,1212.9,4419.1,53.95
2020-12-03,San Gabriel,67915,1306,830.1,3743.0,45.75
2020-12-03,Metro,40968,695,420.9,3437.6,35.32
2020-12-03,West,13929,284,174.5,2087.6,26.15
2020-12-03,South,50265,955,511.4,4784.0,48.68
2020-12-03,East,72683,1374,833.6,5502.3,63.1
2020-12-03,South Bay,53920,1014,593.3,3435.4,37.8
2020-12-04,Antelope Valley,17622,430,256.6,4435.8,64.58
2020-12-04,San Fernando,101528,2173,1283.5,4515.7,57.09
2020-12-04,San Gabriel,69369,1454,890.0,3823.1,49.05
2020-12-04,Metro,41846,878,459.2,3511.2,38.53
2020-12-04,West,14173,244,181.6,2124.2,27.22
2020-12-04,South,51191,926,552.2,4872.1,52.56
2020-12-04,East,74024,1341,877.6,5603.9,66.44
2020-12-04,South Bay,54993,1073,635.5,3503.7,40.49
2020-12-05,Antelope Valley,18188,566,279.4,4578.2,70.32
2020-12-05,San Fernando,103484,1956,1344.1,4602.7,59.78
2020-12-05,San Gabriel,70836,1467,947.7,3904.0,52.23
2020-12-05,Metro,42680,834,489.5,3581.2,41.07
2020-12-05,West,14481,308,191.0,2170.3,28.63
2020-12-05,South,52108,917,583.0,4959.4,55.49
2020-12-05,East,75578,1554,938.6,5721.5,71.05
2020-12-05,South Bay,55969,976,666.4,3565.9,42.46
2020-12-06,Antelope Valley,18610,422,303.9,4684.4,76.5
2020-12-06,San Fernando,105783,2299,1462.9,4705.0,65.07
2020-12-06,San Gabriel,72464,1628,1030.1,3993.7,56.77
2020-12-06,Metro,43462,782,528.6,3646.8,44.35
2020-12-06,West,14759,278,203.5,2212.0,30.5
2020-12-06,South,53296,1188,650.0,5072.4,61.86
2020-12-06,East,77535,1957,1049.6,5869.7,79.46
2020-12-06,South Bay,57349,1380,738.0,3653.8,47.02
2020-12-07,Antelope Valley,19060,450,319.3,4797.7,80.37
2020-12-07,San Fernando,107946,2163,1495.4,4801.2,66.51
2020-12-07,San Gabriel,73822,1358,1052.0,4068.5,57.98
2020-12-07,Metro,44067,605,529.6,3697.6,44.44
2020-12-07,West,15061,302,207.9,2257.3,31.16
2020-12-07,South,54220,924,670.2,5160.4,63.79
2020-12-07,East,78969,1434,1084.9,5978.2,82.13
2020-12-07,South Bay,58045,696,750.9,3698.2,47.84
2020-12-08,Antelope Valley,19589,529,339.3,4930.9,85.4
2020-12-08,San Fernando,109816,1870,1569.9,4884.4,69.83
2020-12-08,San Gabriel,75399,1577,1122.7,4155.5,61.88
2020-12-08,Metro,44785,718,560.0,3757.8,46.99
2020-12-08,West,15331,270,218.6,2297.7,32.77
2020-12-08,South,55112,892,709.3,5245.3,67.51
2020-12-08,East,80529,1560,1143.4,6096.3,86.56
2020-12-08,South Bay,59005,960,789.4,3759.3,50.29
2020-12-09,Antelope Valley,20182,593,369.1,5080.1,92.92
2020-12-09,San Fernando,111772,1956,1645.3,4971.4,73.18
2020-12-09,San Gabriel,76636,1237,1160.9,4223.6,63.98
2020-12-09,Metro,45487,702,585.4,3816.8,49.12
2020-12-09,West,15560,229,223.6,2332.1,33.51
2020-12-09,South,56154,1042,751.0,5344.4,71.48
2020-12-09,East,81936,1407,1184.4,6202.8,89.67
2020-12-09,South Bay,60669,1664,862.6,3865.4,54.96
2020-12-10,Antelope Valley,20648,466,383.6,5197.4,96.57
2020-12-10,San Fernando,114760,2988,1764.4,5104.3,78.47
2020-12-10,San Gabriel,78692,2056,1245.9,4336.9,68.67
2020-12-10,Metro,46828,1341,649.9,3929.3,54.53
2020-12-10,West,15982,422,241.1,2395.3,36.13
2020-12-10,South,57479,1325,803.5,5470.6,76.47
2020-12-10,East,84164,2228,1286.0,6371.5,97.35
2020-12-10,South Bay,62157,1488,941.6,3960.2,59.99
2020-12-11,Antelope Valley,21341,693,408.5,5371.9,102.83
2020-12-11,San Fernando,117954,3194,1926.6,5246.3,85.69
2020-12-11,San Gabriel,80706,2014,1315.5,4447.9,72.5
2020-12-11,Metro,48193,1365,727.9,4043.8,61.08
2020-12-11,West,16414,432,263.9,2460.1,39.55
2020-12-11,South,59166,1687,896.6,5631.1,85.34
2020-12-11,East,86516,2352,1398.1,6549.6,105.84
2020-12-11,South Bay,63827,1670,1029.0,4066.6,65.56
2020-12-12,Antelope Valley,21933,592,437.2,5520.9,110.05
2020-12-12,San Fernando,120992,3038,2092.5,5381.5,93.07
2020-12-12,San Gabriel,82489,1783,1401.8,4546.2,77.26
2020-12-12,Metro,49289,1096,790.2,4135.8,66.31
2020-12-12,West,16796,382,284.6,2517.3,42.65
2020-12-12,South,60401,1235,963.9,5748.7,91.73
2020-12-12,East,88327,1811,1485.8,6686.7,112.48
2020-12-12,South Bay,65052,1225,1104.4,4144.6,70.37
2020-12-13,Antelope Valley,22678,745,476.6,5708.4,119.96
2020-12-13,San Fernando,123157,2165,2154.8,5477.8,95.84
2020-12-13,San Gabriel,84876,2387,1509.8,4677.8,83.21
2020-12-13,Metro,50135,846,818.7,4206.8,68.7
2020-12-13,West,17063,267,294.6,2557.3,44.16
2020-12-13,South,61775,1374,1028.6,5879.4,97.9
2020-12-13,East,91045,2718,1617.9,6892.4,122.48
2020-12-13,South Bay,66418,1366,1149.0,4231.6,73.21
2020-12-14,Antelope Valley,23269,591,497.7,5857.2,125.28
2020-12-14,San Fernando,124485,1328,2150.9,5536.8,95.67
2020-12-14,San Gabriel,86559,1683,1575.3,4770.5,86.82
2020-12-14,Metro,50638,503,817.7,4249.0,68.61
2020-12-14,West,17244,181,293.4,2584.5,43.98
2020-12-14,South,62382,607,1030.3,5937.2,98.06
2020-12-14,East,92251,1206,1650.8,6983.7,124.97
2020-12-14,South Bay,67192,774,1172.7,4280.9,74.72
2020-12-15,Antelope Valley,23940,671,523.6,6026.1,131.79
2020-12-15,San Fernando,126973,2488,2177.6,5647.5,96.85
2020-12-15,San Gabriel,88222,1663,1615.4,4862.2,89.03
2020-12-15,Metro,51652,1014,847.6,4334.1,71.12
2020-12-15,West,17668,424,306.2,2648.0,45.89
2020-12-15,South,63637,1255,1060.3,6056.6,100.91
2020-12-15,East,94133,1882,1698.6,7126.2,128.59
2020-12-15,South Bay,68734,1542,1208.6,4379.2,77.01
2020-12-16,Antelope Valley,24762,822,563.5,6233.0,141.84
2020-12-16,San Fernando,132296,5323,2466.3,5884.2,109.7
2020-12-16,San Gabriel,91120,2898,1750.8,5021.9,96.49
2020-12-16,Metro,54186,2534,993.8,4546.7,83.39
2020-12-16,West,18308,640,333.1,2743.9,49.92
2020-12-16,South,66409,2772,1221.4,6320.5,116.24
2020-12-16,East,98047,3914,1909.9,7422.5,144.58
2020-12-16,South Bay,71705,2971,1342.8,4568.5,85.55
